SaleID,CustomerID,ProductID,SaleDate,Quantity,TotalAmount,PaymentMethod,DiscountApplied,SalesRepID,SaleStatus,ShippingAddressStreet,ShippingAddressCity,ShippingAddressState,ShippingAddressZipCode,ShippingAddressCountry
e624e8b8-161b-4d90-8514-e36f94252047,733b3b07-a161-4788-ad2c-6d9fca9787ae,e11fabf1-3ce9-4dca-b7c8-812679efe8e2,2024-03-06,7,1710.71,Bank Transfer,71.03,02c323cd-9aff-4f7e-b13a-c4fa507b3f79,Cancelled,189 Nicholson Points Suite 285,North Heatherland,Ohio,27245,Slovenia
fa893648-263f-40fa-b832-d9b82feb5911,dfb309f5-8b0f-41ad-8ae0-f56df36bd459,e1b951a4-a94c-4bad-8a54-d296fb89ab6d,2024-02-16,5,1242.21,Bank Transfer,97.94,9a3f5eda-fa3d-4e65-b753-bdf9eb986cc8,Completed,31632 Angela Rapid,Liview,Illinois,61657,Uganda
7ef64767-8bea-47d2-b5b5-03930c355f2b,5444d232-a374-448e-9ba5-31c971f1b967,4c1a3309-6f85-4ad7-aa12-bb7a941d2222,2024-06-09,8,974.52,Cash,18.82,a5b6493b-20bf-4569-97a4-5aa9db4efc4f,Cancelled,48006 Johnny Island Apt. 745,West Jessicaborough,Maine,69721,South Africa
7951c097-7ae9-479b-9f51-1c5ea88fca56,3814cd98-40a6-4f75-b7f3-3c0170f23c9e,9b9e8c9f-7934-40a5-9916-ae0f2ec3ae66,2024-05-12,2,1703.77,Credit Card,76.26,7252caa6-08fd-4792-9fd3-38833b56b48b,Completed,094 Heather Crossroad Suite 308,Churchfort,Maine,24396,Yemen
cc77d27a-1b53-4a98-827a-5539f15a94d3,f52cbf11-866a-474d-965a-d25f0ca0f570,fc52de85-97db-4fa2-baac-4756d184fe97,2024-05-10,7,420.68,Debit Card,28.28,d25e58de-bea1-46ad-885b-39542122df8d,Pending,32973 Amanda Mountains,Jenniferchester,New Mexico,08938,Cocos (Keeling) Islands
58dcf3e7-3643-4e4a-b332-c29ca0a904b9,b7a2ad6f-1c61-452a-b957-c31d48cbc9e9,f310dfc5-644e-433c-a954-4f17052d4484,2024-02-22,8,1799.43,Debit Card,96.91,22edd2cd-b73a-44be-a54a-509ca9ec2cea,Completed,10455 Patricia View,Watsonland,South Carolina,10474,Solomon Islands
36704344-8a6d-446d-af86-993bcbd87070,15026701-a84a-414a-af79-186ab89ba126,e1b951a4-a94c-4bad-8a54-d296fb89ab6d,2024-04-30,8,329.94,Cash,2.44,86baef36-fc78-4f06-b9f8-cf659a713a19,Cancelled,95576 Buckley Rapids Apt. 550,Delgadoshire,Wyoming,92488,Martinique
08326c8c-e796-4315-ad3e-4c17b8467d6d,984f6f87-701b-4493-a6e7-a714d63dbd80,e11fabf1-3ce9-4dca-b7c8-812679efe8e2,2024-03-10,7,528.92,Bank Transfer,95.59,3be1fb9a-dbd9-4f04-b4ce-18f06a0f1905,Completed,190 Angela Meadows,Timothyhaven,Nebraska,18567,Timor-Leste
8cc3ea63-30e0-4131-82a7-7c0d773582ba,f52cbf11-866a-474d-965a-d25f0ca0f570,0915f944-948c-4c3c-b916-42dd36fd3c38,2024-04-01,3,1921.35,Credit Card,22.08,5683cf64-d849-4409-b2cf-24c2f09d76d2,Cancelled,77178 Jason Meadows,East Stevenfurt,Virginia,92291,Slovenia
193af935-1bb0-40e0-92e2-699586239981,40a4ddd8-09ed-416c-b2c2-0a56f0cde7af,dd84be26-2f61-4853-b7d5-3f4f2dcbec56,2024-01-11,5,274.62,Cash,79.17,9dd6cb0a-f1f0-4a97-b330-4c9600cf0a0c,Pending,23065 Brandon Mount Suite 026,West Michelle,West Virginia,62122,Tuvalu
0bfb8b8f-78ac-4d24-80c1-7110963943d8,3814cd98-40a6-4f75-b7f3-3c0170f23c9e,9b9e8c9f-7934-40a5-9916-ae0f2ec3ae66,2024-01-30,9,1802.28,Bank Transfer,19.23,11d5df30-6753-4f4e-a4b7-ed372576935d,Cancelled,757 Ashley Plains Suite 177,Brownland,Texas,45652,Equatorial Guinea
5f030373-7428-4402-bbcf-2e54fdba7cf1,50b4fe2b-d928-428f-873e-bbc61c5a6133,0915f944-948c-4c3c-b916-42dd36fd3c38,2024-04-28,6,849.29,Cash,27.15,ff3997c8-700e-4290-a146-3d33213509e2,Completed,8832 Castillo Crescent Suite 416,Jeffreytown,Hawaii,85157,Sri Lanka
62222fba-8c92-431c-b8ee-3a0e99815605,f6fdec31-49ff-427c-96f1-878f7c6dc84c,a50b0e48-8873-422d-bde9-da3aa45a4400,2024-03-21,2,73.03,Debit Card,23.82,6b387357-6b9d-494a-9a91-8eac652f6d0e,Completed,37959 Jeffrey Mountain Suite 765,Port Lisaton,New Hampshire,44255,Marshall Islands
e0a9a402-60c9-4d78-ac48-73000c082d42,8cb4503a-813c-4fbf-8fcc-503fe6419d6c,895c4dc2-1c53-4e6f-a60a-7329f9537180,2024-04-08,6,1764.04,Credit Card,63.64,ec3841a4-3ecf-4d77-abbb-e8370e54c635,Cancelled,59566 Robert Station,Brianburgh,New Hampshire,38500,Panama
6a52a947-0b63-4c3d-9a39-c69b437d53f7,07b0ad13-f1e2-40ad-b979-8376bb5192c3,61111459-87cd-4d89-bb30-71c61fa8bccc,2024-04-20,2,863.19,Credit Card,26.92,b746fb8c-8b66-4329-a901-338cccd4767f,Pending,24825 Floyd Rest,Debraburgh,Pennsylvania,38411,Pitcairn Islands
76420292-7379-480f-9fb5-ac7a49a3b114,e9457c1d-3bb3-4949-8a46-b9e711ee4d1c,d70260a9-90cc-4a77-9823-cfc8306bac24,2024-01-04,6,1703.62,Bank Transfer,84.15,ecc2f54d-2c1f-464b-b81a-704aa7daf174,Completed,14831 Nicholas Shore,Annaborough,Kentucky,79709,Uganda
17bf493a-addf-4afa-ab0d-3500ec585a12,e80144c9-d8d9-485f-bdd0-eedb1b52e241,bd194ce3-3224-4fa3-bec6-aebf44f68c40,2024-06-18,5,38.99,Credit Card,80.69,fb97f6bb-ad42-40b7-89f8-199eb5c3ab27,Completed,9858 Jason Causeway,Lake Timothyland,North Carolina,98145,Lesotho
55c9b527-999e-49b2-98fa-49d6324cdc2d,de865969-7237-4928-b3c9-cab980bd9841,cc12de99-1d17-4ccb-9c23-318590c41525,2024-02-10,10,1029.64,Bank Transfer,33.02,77da2122-b248-4150-b224-0cec8dddc2a4,Completed,3130 Brandon Village Suite 422,North Kelly,Ohio,96336,Mayotte
63619659-bcf7-409a-9094-778557476fb8,38aa8937-e2d3-4234-9061-8051442426e3,c4c7cdb4-144c-4795-9606-72d7d83d5af3,2024-06-18,8,1699.58,Debit Card,78.32,c2b496b8-bd99-4674-b78e-6567e8d87ee4,Completed,205 Leslie Circles,Andreaborough,Alabama,81048,Malawi
b3c2fac6-66e2-4ffd-85de-c2df992b1d5b,f0a23667-a2f1-4a70-ac19-c3a69c21a399,f310dfc5-644e-433c-a954-4f17052d4484,2024-06-10,2,1076.55,Debit Card,2.73,4ad24e15-eba1-4070-b0ec-b16c599d17bc,Completed,4853 Christopher Motorway,New Stephenchester,California,44207,Palau
28b5791e-ec94-4890-8b14-8a4f209cdfc1,642a128c-fadb-4c57-ae6c-9eb22963702b,e75f3342-fbef-4da9-ac5c-d96589747a03,2024-04-21,6,139.47,Cash,72.98,60dde36c-b0cb-45e4-bff2-43e3698dffa1,Cancelled,265 Maria Prairie Apt. 310,Gordonbury,Oklahoma,40920,Iceland
2c903032-494a-4a28-8e17-20afbd138172,857afa9c-0496-4bb7-8252-7585dd904e95,5b64fd99-626c-471f-b19a-f18b5597b693,2024-03-30,2,850.13,Cash,69.52,4600dc8e-879c-42f8-ba0e-f4a68d0a9adc,Completed,5384 Reeves Tunnel,North Erica,Oklahoma,33773,Bolivia
2e291849-c2a9-4e1d-9717-2abe1a53b1df,a8b576d1-1616-4c22-baa7-d1d3200f3f1b,c4c7cdb4-144c-4795-9606-72d7d83d5af3,2024-02-27,8,496.41,Cash,18.29,b95dcc75-4523-408e-8cb2-d1c558a1e785,Pending,51738 Farrell Land,Thompsonland,Georgia,46820,Guinea
ec46a970-6f11-485d-b2c7-fe6fca2f100e,43f0ed3c-4d3e-4c88-b524-72f368a9b354,07ca8bae-8492-4fc5-aa34-d38c8857c4d8,2024-04-27,7,529.65,Bank Transfer,77.21,8803658c-6bcf-49b4-ba13-b4c38b387b0b,Pending,0296 Reyes Station Apt. 472,Vargasfort,North Carolina,31262,Greece
2486b66d-3640-4de8-aae2-b9793fafa7b4,733b3b07-a161-4788-ad2c-6d9fca9787ae,42b42a87-0743-4683-bf9c-d3dacacd264c,2024-01-29,9,355.9,Cash,55.68,7ea508a5-fa1d-43d7-bade-e2aab968e77c,Pending,928 Christopher Spring,East Nathan,Arizona,90434,Cyprus
0e8ebf5b-dd1a-429b-8077-d04c3f8c4807,6e76e898-37a2-4f8b-8761-aeb614be5a25,f126cb1e-b9ad-4630-8f3f-fd8ba9d7028e,2024-05-14,3,1610.5,Cash,8.67,97e0053f-e5a9-4103-aea4-0e02844d6217,Completed,5630 Dawson Bridge Apt. 533,East Jenniferside,Connecticut,96481,French Guiana
4481ac71-921c-4cec-a3ca-506430bad86b,41d1e679-fe8d-493c-8e90-03e212655cea,f0b509d8-fd14-4b8a-8d7f-43d65e206a91,2024-04-10,8,36.55,Debit Card,16.38,a8c6f5bf-2045-4395-b997-0076eb62e988,Cancelled,765 Emily Island,Port Jasmine,Montana,98622,Moldova
6fc52291-dc91-40d9-b234-df38d695c3f0,bd932be1-dda4-4ba3-8d9e-bea7bb368551,50e98e61-de28-4888-b5ad-1a192b4d502b,2024-05-17,1,1770.4,Bank Transfer,41.3,6e293248-5b4a-4c3f-a2f5-5a19bfcfdd8d,Cancelled,8112 Carlos Cove Suite 543,Gomezmouth,Kansas,68588,Montserrat
fb9b16df-c73f-473a-83d0-fa370bc5ad8d,709242f3-cc4f-447e-8483-c51235e6f1e9,e11fabf1-3ce9-4dca-b7c8-812679efe8e2,2024-02-19,3,686.48,Credit Card,39.53,0c71eedc-7e01-40eb-ad5c-06a2a599a2ba,Pending,42501 Desiree Glens,East Juliaborough,Tennessee,41297,Bulgaria
852e490e-42fc-4a6b-b644-4c452537fec5,9b156702-e26b-4c7f-b8f1-b555d6d54a36,8db3f70c-8ce9-4cc9-9eea-c207060030a4,2024-03-14,1,1910.83,Cash,27.59,4dbe266f-4100-4370-9e80-843f272a86f3,Completed,889 Williams Track Apt. 029,Lake Baileybury,New York,08227,Belize
70c1c6aa-5dd2-4075-ad6e-54847ea27126,095f95e0-b620-489e-bfcb-af33ffd9ee24,61111459-87cd-4d89-bb30-71c61fa8bccc,2024-05-09,6,452.2,Credit Card,33.74,bddb55d6-efb6-4b0f-bf69-a3f40d16c8a9,Cancelled,7136 Michael Rapid,North Traceyberg,Texas,22581,Bahamas
7e6df09d-ce6d-40d4-87dd-b80905bae7b3,391c7565-5888-456c-8931-38b459800fd1,fc52de85-97db-4fa2-baac-4756d184fe97,2024-03-02,8,1019.3,Cash,62.42,aa18f251-48d9-48f5-b695-bd83df0da078,Pending,0869 Thomas Centers Apt. 639,Hernandezchester,Wisconsin,24074,Azerbaijan
6cb22f89-81b1-4536-8664-62b1b950951e,2ffc586b-708d-4dd2-b442-03b0584764c3,c4c7cdb4-144c-4795-9606-72d7d83d5af3,2024-06-16,4,1914.12,Debit Card,7.33,ad4e98fb-d973-4fce-9db8-9c9b609d9392,Pending,43866 Zachary Plains Suite 597,West Rebekah,Tennessee,24547,Uruguay
ea441ecb-b735-4e3d-bbb8-7e38f2f03a64,5c2da6a4-a7da-49e1-a1d5-0f499e8856e7,f0b509d8-fd14-4b8a-8d7f-43d65e206a91,2024-02-27,10,721.25,Credit Card,16.86,676f8bd1-a44d-4779-9efe-af0f585da3aa,Pending,76409 Erica View,Andreachester,South Carolina,87922,Turkey
41b19a20-5dce-4738-bce6-9d92cf3b7e50,0e15efbc-172f-4ab0-b7f0-81f0c2058bc4,66182ec5-dde9-4dc2-90e8-f462b234eb2e,2024-05-04,1,1336.05,Cash,48.59,fb95c1bf-338a-4436-aaac-2627de9fde66,Cancelled,926 Butler Prairie Apt. 914,Lake Melissatown,Mississippi,63915,Saint Kitts and Nevis
2cd5e973-8694-467c-aa8a-0b592688e980,87e57c42-c90a-47b8-86de-52fd6f6b6719,3f00213d-113d-4210-8dea-3c6efca38283,2024-03-15,9,1383.56,Debit Card,53.39,8b6adb74-0d78-4ccf-be79-2c6dfc67d0de,Completed,666 White Prairie,Romanview,Idaho,70050,Mozambique
3c88fc26-fdda-4499-bd51-8fc3488a4d23,984f6f87-701b-4493-a6e7-a714d63dbd80,50e98e61-de28-4888-b5ad-1a192b4d502b,2024-04-03,5,1872.82,Debit Card,29.65,60fc5c42-57d4-4ac8-b7e1-f066c40f6364,Pending,536 Gabriel Lake Apt. 757,Lewisville,Kentucky,40866,Barbados
f11458c6-945f-4078-ae30-8f35716d0645,bc481b3a-4ed3-488d-99df-cb7656d2c688,b34986ed-aa00-4650-8ba6-4908ffa23959,2024-02-09,10,837.28,Debit Card,83.99,a326e15b-540c-40c2-b53f-5f728ec737ef,Pending,029 Burnett Viaduct Suite 322,North Carla,Idaho,04761,Kuwait
1525c8f7-e6b5-4604-b9ca-2bd584ce6c06,96b2ed61-fb50-41ea-8f67-4daaaec9ab8e,31e56146-fb50-41bd-883e-18dcb4aa77cb,2024-01-05,1,111.35,Cash,25.41,f4c8dca6-1c28-41bd-98fe-ad37bd4d9b94,Completed,8558 Paige Square,South Nicoleville,New York,73359,Mauritania
3fe5ac52-0829-4fb7-9468-ffe84916f73e,dcc29932-0520-4ebf-933b-1f9506480b28,3f00213d-113d-4210-8dea-3c6efca38283,2024-06-21,1,1470.46,Bank Transfer,78.01,fd94e3ec-ce7b-4bdd-bcf7-b6180530fc37,Pending,27548 Joseph Burg,Cookview,Wyoming,21230,Gambia
41cf5c10-4e22-41b6-8437-a57bcf157dd4,9e4f4da3-2526-4c7c-8b4d-a3ecc0de1735,e1b951a4-a94c-4bad-8a54-d296fb89ab6d,2024-05-21,7,416.63,Credit Card,63.2,f49bbc84-bbf9-45b2-ba98-4f6a2717216b,Completed,49660 Lopez Drives Apt. 611,West Monicaton,Delaware,12293,Pakistan
52b8947d-cb2f-4ebd-a142-d7ae8a2fba23,1c871bd3-f22b-4e31-ab3d-bd6e6c6634d8,51747aba-2b3e-4b8a-869e-0ba386413c47,2024-05-01,10,1521.34,Debit Card,48.67,ddf3f88c-6900-4ebb-8f9d-0dff64b61417,Completed,304 William Green,South Justin,Colorado,15813,Tonga
5ba4968e-cefd-4196-a905-fd158b38afe9,e9457c1d-3bb3-4949-8a46-b9e711ee4d1c,fc52de85-97db-4fa2-baac-4756d184fe97,2024-05-10,7,432.89,Debit Card,65.93,d10f359a-ce10-4cf7-bbdc-4cdcb8b325f4,Pending,7928 Arroyo Shore,Danaview,Illinois,01563,Eritrea
c3a7578b-deff-4499-b17b-4e63c91df5a6,8927eba9-9416-4bd6-a9d6-66532dfa1203,1b11b10d-11fa-440b-9f08-9dee22f18059,2024-05-22,3,523.36,Credit Card,23.27,9244827c-6033-4105-9ff8-67a545f574bc,Cancelled,4288 Joann Point,Fergusonton,Illinois,17931,Russian Federation
08ca15ca-249e-45ac-89fd-9ba882f9ce41,12dc9c52-954a-4ae7-9099-ee0a2259c6b2,42b42a87-0743-4683-bf9c-d3dacacd264c,2024-06-11,5,1225.11,Cash,51.9,0c1742df-4a1d-4496-b2fe-f9939f6fac85,Pending,305 Hernandez Meadows Apt. 372,Cooperfort,Rhode Island,69335,Maldives
70393675-a550-43f9-a40c-84a40adc5561,709242f3-cc4f-447e-8483-c51235e6f1e9,7481a596-c56d-4710-b932-18e68ddf5169,2024-04-15,9,774.94,Cash,53.4,6028fe62-c478-45d0-ac4d-414c05b270bf,Cancelled,566 Joseph Shores,New Randyland,South Dakota,17001,Belgium
682bbe32-039f-401f-9c8b-a3bd37bedf21,8cb4503a-813c-4fbf-8fcc-503fe6419d6c,c0986f0e-c4a5-465d-89d0-d51f1d5bc9e8,2024-05-07,6,1953.29,Cash,3.41,28e8dd12-4598-4796-b2b7-7c850c9a0c43,Pending,533 Smith Village,New Danielton,South Carolina,14644,Portugal
d6172ef1-5e94-49c5-a940-d77613d39544,41d1e679-fe8d-493c-8e90-03e212655cea,07ca8bae-8492-4fc5-aa34-d38c8857c4d8,2024-05-17,1,1021.37,Debit Card,31.67,7493a722-6730-438f-b082-dbb126b6aa94,Pending,70988 Jeremy Roads,Port Edwardbury,Colorado,66286,Brazil
bd88a79c-2acd-4275-8a91-4d20a318f7db,92248b72-a508-4f2b-a2b7-3726c5ed11b7,dff2ce41-b893-45ec-870a-77c69b0c120c,2024-04-10,3,655.19,Bank Transfer,20.75,3881e118-0ff8-4e0c-a319-3eedb8b66b78,Completed,702 Bryan Glens,West Ralph,Wisconsin,83013,Tajikistan
f3626827-4065-4f0a-b571-1d9f6c27cc1e,332240c2-3a1d-4666-95c4-1914a6933ccb,3f00213d-113d-4210-8dea-3c6efca38283,2024-06-11,5,345.9,Cash,31.81,b03d220c-83cf-4ad5-ae4a-56f150e87d9c,Completed,951 Hernandez Loop Suite 832,South Karen,South Dakota,55242,Svalbard & Jan Mayen Islands
0065c30e-2a59-41c8-a394-99bc3f578e7c,50c1b035-803b-4075-9b9c-78134f444417,ed3f4f6d-3633-4eea-909a-b6c9515d9a42,2024-06-01,5,1094.91,Cash,26.24,7fb9b155-8729-4d14-8456-4115c034ddda,Pending,68523 Garcia Tunnel Suite 797,Anthonybury,Arkansas,50171,Australia
49ae86f2-fb17-407b-9e72-ec5ee5538b77,4fb20775-b0a8-4d1a-8780-4109d02e9f4a,61111459-87cd-4d89-bb30-71c61fa8bccc,2024-04-13,7,449.72,Bank Transfer,64.97,f5c98ff4-b469-4b87-a655-32815d676d11,Pending,5667 Curry Crescent,Seanton,Texas,66518,Montenegro
92d3b8cf-1a6c-4684-9dbe-ca399476d23b,ed9d9bb7-5d68-499d-a0c5-680cf62679f3,8d1f0bc6-55b1-4b8b-b14d-112a83dfbaa3,2024-06-04,1,1388.27,Debit Card,84.59,2791b13f-c3a2-4fe9-a56e-767f1f79da94,Pending,662 Danny Dale,Tiffanychester,Hawaii,42279,Fiji
8cfe746f-380a-4b33-8479-f7c69f702f46,709242f3-cc4f-447e-8483-c51235e6f1e9,b34986ed-aa00-4650-8ba6-4908ffa23959,2024-05-24,6,1449.95,Cash,9.6,bd088601-c3d0-4440-8f62-9d2d421dc609,Cancelled,478 Brittany Lodge,Robertfurt,Wisconsin,31514,Ethiopia
bd721337-ee5d-41ba-97b7-98f6fc49e553,3d8185c5-c174-43d8-9aff-b06eaf7afe1d,bd194ce3-3224-4fa3-bec6-aebf44f68c40,2024-06-15,1,459.53,Credit Card,84.55,421d5754-d629-4bf1-8273-dcce9108a7a4,Pending,0758 Griffin Overpass Suite 407,East Cindyhaven,Kansas,60885,Latvia
7329487e-f3ef-4466-88db-f22fcf0b0920,c5fd4e2d-5e9e-4f73-8e74-28a53b69972d,c4c7cdb4-144c-4795-9606-72d7d83d5af3,2024-04-22,8,1872.86,Bank Transfer,70.73,73ed3bea-77e3-45d5-b045-8a1e0d9691cb,Cancelled,3994 Hughes Trail,Michaelfurt,Colorado,19940,Nigeria
61127df2-15db-447e-b8f2-809a8b71e44b,43f0ed3c-4d3e-4c88-b524-72f368a9b354,1b11b10d-11fa-440b-9f08-9dee22f18059,2024-05-20,2,1651.22,Credit Card,95.64,3addd8b5-ead7-4c90-936d-5fa29b07f024,Pending,924 Jennifer Lock,Lopeztown,North Carolina,12582,Iran
14d9394a-3f7b-42b0-99c9-84784982b2b4,733b3b07-a161-4788-ad2c-6d9fca9787ae,f9bb247f-d458-45e2-9f35-6f24ec8b1f40,2024-01-02,3,672.23,Credit Card,82.63,2ea04a9d-d8c1-44f8-8a74-71a02d876a11,Completed,82330 Marie Fields Apt. 149,Washingtonshire,South Dakota,95067,Romania
d5dd8684-09e1-4f40-9021-31977e24e646,95f07940-d2c2-4e78-910c-236734099840,51747aba-2b3e-4b8a-869e-0ba386413c47,2024-02-01,4,1994.98,Cash,40.19,5f2cb542-0295-478c-8f3b-2acc4b0bfa82,Cancelled,81299 Simon Mills,North Gabrielleville,Vermont,81870,Holy See (Vatican City State)
7403abf5-4a0c-4d99-93c5-89d1c7f66fc8,dcc29932-0520-4ebf-933b-1f9506480b28,f126cb1e-b9ad-4630-8f3f-fd8ba9d7028e,2024-02-12,1,849.97,Bank Transfer,83.16,4829d42d-97af-4e58-81ff-400bb251d960,Pending,49986 Elizabeth Vista,East Kennethville,Iowa,24289,Togo
85797f41-c981-4988-ae4a-9359a8a699cb,dcc29932-0520-4ebf-933b-1f9506480b28,dd84be26-2f61-4853-b7d5-3f4f2dcbec56,2024-04-01,9,1483.36,Cash,95.49,42e8282c-17b0-42e7-b6ee-8f4a9259ffba,Pending,5578 Garcia Lights Suite 095,Tracyview,Arkansas,46382,Croatia
75d85b37-ffbe-40be-b2bb-810baa102d69,82309c43-d342-42b1-8001-b3cc800936b1,3227ab97-23a9-4ed9-8dfc-1d4d3d57c69a,2024-02-03,5,730.34,Cash,21.19,b0a1bc2a-42df-4296-bad9-d60ced4b6dc8,Completed,35380 Anthony Hill Apt. 616,Deleonmouth,Missouri,90522,Georgia
48be20b3-52ff-4b51-9643-1004de5e33e3,dcc29932-0520-4ebf-933b-1f9506480b28,66182ec5-dde9-4dc2-90e8-f462b234eb2e,2024-02-12,3,667.76,Cash,73.64,6b99e213-fe69-452a-9bab-1a271e91eabb,Cancelled,96476 Rogers Inlet,Rebeccamouth,Kansas,31397,Papua New Guinea
490144b8-24d9-4d3a-98f3-8ef6a58f9c04,7b9ce4f8-7708-40e7-a0ca-e715001a9455,cc12de99-1d17-4ccb-9c23-318590c41525,2024-04-20,9,1938.01,Bank Transfer,18.74,ecfe5f3a-0a57-4a33-a7a6-fbf85bc5cb53,Pending,16706 Brian Ferry Suite 712,North Jessica,Missouri,11262,Croatia
ec20e13c-bf72-4cfc-b6e8-f06980abd4d0,a95c57b8-f46c-49a6-99e0-549ca4dec5fd,b34986ed-aa00-4650-8ba6-4908ffa23959,2024-01-06,4,792.03,Cash,66.96,096c1bb9-d0bf-4ca2-9003-f44054ba2a33,Completed,79397 Joseph Extension,Port Ashley,Wisconsin,37816,Niger
05bf95e9-4109-42e7-a0fd-4c6d59a635d2,15026701-a84a-414a-af79-186ab89ba126,51747aba-2b3e-4b8a-869e-0ba386413c47,2024-03-11,6,876.42,Bank Transfer,15.17,1b5eb91e-ccf4-4845-840d-e9f914058977,Pending,295 Patrick Brook,West Jessica,Kentucky,28435,Sweden
391cc0d2-239b-4eb1-85db-db1aab88b131,38aa8937-e2d3-4234-9061-8051442426e3,f126cb1e-b9ad-4630-8f3f-fd8ba9d7028e,2024-01-11,4,1208.97,Bank Transfer,53.75,f6a5dab5-421f-4852-9a5e-97e04d5a44ae,Completed,24668 Johnson Square,Mccallland,South Dakota,63267,Venezuela
24d31261-facb-49e4-b9c1-969d44cc705d,7d4860af-7830-4015-a678-c7fc7d5b8386,c8637c6b-3521-4871-a2f7-4ee129872ea8,2024-01-15,3,1067.36,Cash,77.38,272ba0f0-eed5-4320-b84d-b2ad4b9f6a0b,Pending,109 White Village,Bradystad,South Dakota,30746,Heard Island and McDonald Islands
c15ad655-af27-4612-9daa-8b1088269ed6,3814cd98-40a6-4f75-b7f3-3c0170f23c9e,3227ab97-23a9-4ed9-8dfc-1d4d3d57c69a,2024-01-12,1,1916.36,Bank Transfer,84.43,61229edf-471c-4afc-adcc-de9bd4c098c6,Cancelled,2202 Peterson Camp Apt. 568,East Anaton,Hawaii,13773,Saint Helena
aaf61da9-27b6-4177-bd8c-4c35d293a7cb,5bda63ee-35af-476e-bda8-a56c0973f622,74a7fc1b-426c-42cc-8f02-d36a8ec3d0b0,2024-02-11,10,844.45,Bank Transfer,31.73,f9090aed-6695-4260-b67b-b3aa04604d2c,Pending,3828 Kaitlyn Square,Colemanland,Pennsylvania,61143,Senegal
0c3ddd25-d40a-4360-830c-2bccacc200bf,a6e6e3e8-7158-4c18-82d7-beadfd0f505e,1959f13c-fb40-4a61-97f4-037359e47f94,2024-04-04,4,1656.03,Bank Transfer,65.81,d70a0b91-916b-4d4f-8829-c4f53495df79,Cancelled,29010 Bennett Street,East Jennifer,Vermont,50107,Hong Kong
a56c4bd9-9df3-45ec-a463-d759e7ab774c,b7a2ad6f-1c61-452a-b957-c31d48cbc9e9,895c4dc2-1c53-4e6f-a60a-7329f9537180,2024-05-01,5,277.79,Debit Card,22.74,b3e9fded-b623-4728-9ee4-fc3e7601030d,Pending,50692 Gerald Crossroad,Mcdowellburgh,Georgia,23554,British Virgin Islands
90eccdb4-4002-45d5-b146-ed3773e15f15,3901fad3-4438-4c90-a1c9-d341464136a5,f126cb1e-b9ad-4630-8f3f-fd8ba9d7028e,2024-03-25,1,614.2,Bank Transfer,56.13,4030b852-81a6-42a3-8903-a5737cd1c1be,Completed,99030 Conley Prairie,Frankside,North Carolina,49480,Bouvet Island (Bouvetoya)
6c6d08a8-24f6-49eb-9af3-963135655d9d,e05bdbbe-62f3-45c5-b2a7-691ceaf2dd3d,51747aba-2b3e-4b8a-869e-0ba386413c47,2024-06-22,2,763.26,Bank Transfer,3.86,c675d2f1-efdf-4496-b812-8f9acb6049cd,Pending,5694 Anderson Hills,Justinchester,North Dakota,43458,Guadeloupe
eadfa344-d293-47e8-8a4c-3424c3911ebe,709242f3-cc4f-447e-8483-c51235e6f1e9,74a7fc1b-426c-42cc-8f02-d36a8ec3d0b0,2024-05-03,5,1959.65,Debit Card,96.73,f7d15bd8-bfdb-4c38-974b-9350e8bcfbb7,Completed,667 Chloe Ville Apt. 174,New Whitney,Colorado,22604,Dominican Republic
503d5173-e0fb-4a93-b4ea-0c7a160845dc,f200a20c-bf67-4bc4-8bf1-4967b2fcf96e,af8d6443-21e1-4c38-bf84-d5dfc191bb59,2024-03-13,1,97.43,Bank Transfer,90.02,83ab2b49-5a5c-4933-988e-a282f3ab4a0e,Completed,103 Turner Shore,Jefferyburgh,Wyoming,98069,Heard Island and McDonald Islands
70377128-886c-496b-8817-4137522f15d8,2184a8b1-d956-462b-a1b9-d0819afbc705,a208254c-47ae-426b-820b-d388d711f276,2024-03-09,4,1799.42,Debit Card,1.04,bf216878-3c2c-4281-a778-d41cc943076b,Cancelled,685 Gomez Groves Apt. 355,Lake Christopherview,Hawaii,64708,Cuba
d479f32a-a0a6-43da-a569-3d35283ffc0a,9b156702-e26b-4c7f-b8f1-b555d6d54a36,fc52de85-97db-4fa2-baac-4756d184fe97,2024-01-30,5,796.08,Cash,83.97,deeeede1-74c1-4e86-b2d5-7b3e986be76d,Cancelled,82289 Amber Divide,Barryville,Nevada,13093,Spain
fbd7b36f-b750-47d4-821b-067133a6b9e1,7249bc69-7c0a-4c98-b9d2-736392c7e799,c8637c6b-3521-4871-a2f7-4ee129872ea8,2024-06-11,8,65.13,Cash,40.06,5f2525f2-7725-46f5-937f-a3ddf81891b8,Completed,144 Susan Mountain,Thompsonside,South Dakota,32783,Pitcairn Islands
b06c9f17-733c-4ea0-97de-990bdd51da31,0bef3cf2-f73f-4a35-aefc-cb5f1dd73892,895c4dc2-1c53-4e6f-a60a-7329f9537180,2024-06-18,3,956.87,Debit Card,57.01,ffaaa529-84ce-4aea-8037-7b53c578e653,Completed,622 Edward Harbors Suite 421,West Thomaston,Idaho,39545,Ireland
a23cee8d-d5b7-486b-a141-3da30229c90b,0cb736a4-23e2-417d-a760-dde0cb6f6302,bd194ce3-3224-4fa3-bec6-aebf44f68c40,2024-02-24,9,1366.93,Cash,0.32,1a3f177d-75a4-4d3d-aa67-f9966033a3fb,Pending,491 David Knolls,Hansenland,Arkansas,47055,United States Minor Outlying Islands
608e9507-0482-4154-8546-54172061e3c7,f82a5f44-e69d-4ac3-b48a-c73765389a16,e66a374a-2f54-437c-b784-b3b39812ff87,2024-01-05,5,501.1,Debit Card,31.75,3627b7f8-dbce-4bd6-bbe0-769b9acaa5b8,Cancelled,83411 Alexander Circle,Floresberg,Pennsylvania,45630,New Zealand
5b170957-0fd9-4cb6-9b4f-08e7f8a2ca04,dfb309f5-8b0f-41ad-8ae0-f56df36bd459,e1b951a4-a94c-4bad-8a54-d296fb89ab6d,2024-04-13,5,1356.08,Bank Transfer,0.64,1c418b51-9100-47d1-b09b-9232b8b8d48e,Completed,507 Jones Radial,Port Jasonberg,North Dakota,66495,Lebanon
07b18d71-825b-4c44-ac62-8423ec0a6327,95f07940-d2c2-4e78-910c-236734099840,c8637c6b-3521-4871-a2f7-4ee129872ea8,2024-02-13,7,1546.13,Credit Card,84.99,8b06c3c8-c91d-4178-922c-68d9dd084e2f,Completed,756 Freeman Meadows,East Dwayne,New Jersey,36962,Congo
dc53694e-57c3-41dd-9459-a372ea99841b,2184a8b1-d956-462b-a1b9-d0819afbc705,07ca8bae-8492-4fc5-aa34-d38c8857c4d8,2024-04-24,6,1691.72,Debit Card,4.92,3bc6fd41-8b0d-486a-bb6d-fd56e8435359,Completed,1825 Thornton Islands Suite 184,Powellchester,Minnesota,40897,Liechtenstein
dddabc1c-04bf-45e4-942a-ccc229cd2d06,82309c43-d342-42b1-8001-b3cc800936b1,3811cf19-a49f-4aed-9743-cb9189684532,2024-04-17,5,350.32,Bank Transfer,58.77,1548274c-aa92-4484-b2d2-47d5f547f1a7,Completed,4768 Linda Oval Suite 715,North Patriciafort,Georgia,16644,Mali
063c64da-1644-4c07-b279-67ba458a4eba,9e4f4da3-2526-4c7c-8b4d-a3ecc0de1735,50e98e61-de28-4888-b5ad-1a192b4d502b,2024-02-29,5,912.89,Debit Card,63.14,a22a1d0b-16c3-42d7-a2d8-4849d9952b5e,Cancelled,606 Mueller Spurs Apt. 681,New Christina,Tennessee,60199,Papua New Guinea
fa75ce39-88b2-4055-ba57-a568b0643cdc,8ec529bd-bd86-484f-8adc-15bb36c23609,1959f13c-fb40-4a61-97f4-037359e47f94,2024-05-03,2,1321.83,Cash,89.28,6deb26f9-0e63-450d-aa57-5ea67bcc0fb2,Completed,62496 Spencer Crossing,East Chasebury,Ohio,72929,Yemen
eed0acec-e535-4369-ac09-02e1212be809,3df2edfb-0793-4906-ae63-9358b5bce0c5,8d1f0bc6-55b1-4b8b-b14d-112a83dfbaa3,2024-01-01,2,1324.55,Debit Card,46.2,0894f281-e588-4e7f-b347-7557d64f404d,Cancelled,644 Thomas Lakes,North Jaredmouth,Georgia,53397,Norfolk Island
d065a4d2-c688-474f-9935-b59835450ce3,19e50445-5934-4992-b158-d77426a29a3e,1ab15bd7-f08f-4c3f-86dc-cdaabdafb611,2024-04-07,8,1038.55,Cash,82.44,21565cc7-6a78-48d9-aec3-af2e13d3101a,Completed,3021 Hancock Extension Suite 541,Gonzalestown,Vermont,86746,Ghana
7196526f-1a75-475b-8636-a3a62f022c1f,44c16d4c-fb27-43c7-b3f7-bddce753189a,b34986ed-aa00-4650-8ba6-4908ffa23959,2024-02-18,4,1803.22,Credit Card,20.53,c45abf59-baef-4eab-aa26-39025e63f352,Cancelled,0280 Gonzalez Pines,North Brittany,Montana,64961,Netherlands
0eb9a9da-f384-4b48-b36c-91c13d9c71d0,38004156-639f-44ef-9f7e-41091ed7ff9b,b34986ed-aa00-4650-8ba6-4908ffa23959,2024-01-13,9,591.49,Debit Card,26.77,7557175c-8300-4630-8082-a9ea574f8da4,Pending,447 Calhoun Forge Apt. 044,New Oliviamouth,Georgia,36349,Grenada
a188a56f-49a4-4e23-807c-f461b7181442,7f073252-b9a9-495b-9dbd-a7ed86eca90a,61111459-87cd-4d89-bb30-71c61fa8bccc,2024-01-11,1,720.77,Bank Transfer,8.46,6bc670fc-abbe-4bdb-8069-28f919eaa592,Completed,643 Gregory Squares,East Shawnberg,Maryland,71034,Philippines
96ff628b-e56b-4fbb-acc3-c8800f48f4b8,4f614f5f-dc15-4e0d-84d5-7757ec519cac,b47ac3c5-0a7e-4011-a9df-057d33c6e577,2024-05-30,7,355.26,Credit Card,80.44,ecaa2de9-239d-4c39-8b99-9f64e3c31964,Cancelled,46784 Jessica Bridge,Beverlyborough,Wisconsin,16349,Honduras
cc938c7d-bbd5-4d64-b06b-d96bb1753a10,3901fad3-4438-4c90-a1c9-d341464136a5,f310dfc5-644e-433c-a954-4f17052d4484,2024-01-28,7,433.34,Bank Transfer,14.0,3ce5243a-78b0-4a44-8ed9-872ea529c1f0,Pending,395 Crawford Field Suite 227,North Carlos,Alabama,77648,Costa Rica
c0d3bc86-5904-4d28-91e7-62cf70e8e596,e46ca635-92e6-4f59-87ae-f00bdc307889,1ab15bd7-f08f-4c3f-86dc-cdaabdafb611,2024-05-18,10,1897.67,Debit Card,11.96,e863fadd-7528-409e-8882-765a748371d1,Pending,1860 Vega Mills,Doyleberg,Alaska,04488,British Virgin Islands
071984aa-445e-4125-b4fa-1f4d6c8ed424,fad91a0d-3a43-4c82-8638-cd6d45177497,f310dfc5-644e-433c-a954-4f17052d4484,2024-04-25,9,509.09,Cash,84.6,6635bbd5-f33b-4f29-a747-cc5bad82163b,Completed,7826 Melissa Station,Mollyview,Wyoming,07245,Czech Republic
44a8d4f9-7bfa-43c8-a3d1-dec931b5553a,55caf42d-353b-4fed-b298-c3345b73564d,d70260a9-90cc-4a77-9823-cfc8306bac24,2024-01-12,8,1346.28,Debit Card,13.0,32e419d2-d933-4f0b-afb3-c035fd631d6b,Pending,1950 Hatfield Cape,Victoriabury,Arizona,51328,Solomon Islands
c3fa5d4d-8d28-41df-92eb-3df2a7271a3f,f200a20c-bf67-4bc4-8bf1-4967b2fcf96e,c0986f0e-c4a5-465d-89d0-d51f1d5bc9e8,2024-02-13,3,1792.25,Credit Card,82.3,ef49c69f-897c-4182-8550-77ef266a4283,Cancelled,081 Oneill Forge,Garciastad,Georgia,24077,Suriname
cbe3ba82-5fa2-411b-9e8b-906a998ed8df,3814cd98-40a6-4f75-b7f3-3c0170f23c9e,fc52de85-97db-4fa2-baac-4756d184fe97,2024-01-23,5,678.96,Cash,13.02,bce188ae-bdf4-43f0-9965-32a8d012b454,Pending,00609 Larry Mountains Apt. 556,Lake Jane,Texas,46949,Netherlands Antilles
5093b11f-6099-44e0-b18c-4bcd1441088e,2ffc586b-708d-4dd2-b442-03b0584764c3,e1b951a4-a94c-4bad-8a54-d296fb89ab6d,2024-02-12,8,803.89,Credit Card,42.07,34f8d480-324c-4676-b313-eebe2899a5fd,Cancelled,95562 Rebecca Landing,East Alanport,Utah,36084,Andorra
4d6bb52d-bdc1-44bc-b58d-56638bc43208,b10230e2-f449-4448-a31a-1076b88cefe1,8d1f0bc6-55b1-4b8b-b14d-112a83dfbaa3,2024-02-23,2,1844.63,Debit Card,54.71,beef5f51-d9f9-45f1-b29a-2283c9fbf598,Pending,469 Goodman Circle,East Amandabury,Mississippi,83469,Peru
4b61d79f-2b68-4c43-81d2-f64494b263f2,7d4860af-7830-4015-a678-c7fc7d5b8386,f0b509d8-fd14-4b8a-8d7f-43d65e206a91,2024-02-28,10,1401.13,Bank Transfer,6.59,73a27715-54f5-4c2e-9e1a-932cd7221904,Cancelled,7573 Dawn Union,Port Amyland,North Carolina,88936,Germany
21539910-f3db-4b88-9185-e9798fb528b6,356ceae7-0de4-4f08-9b73-bd37fa047de7,1959f13c-fb40-4a61-97f4-037359e47f94,2024-05-26,9,1604.73,Credit Card,5.71,fd2f1a36-8f9c-486e-9d40-482dd2808f68,Pending,652 Adams Courts,Tylerburgh,Maine,04982,Saint Helena
043c303d-a491-443d-aa63-a0a2fd085b27,c845aad7-9ce9-4e2f-98cf-c0bd0c4322e0,a208254c-47ae-426b-820b-d388d711f276,2024-05-20,4,1997.54,Debit Card,46.95,95f508dc-37fe-4f77-abc6-cf840797e987,Cancelled,586 Brittany Skyway Suite 114,Dennischester,Idaho,18716,Colombia
428e4aac-2c3c-4a73-9f24-a20097bae240,59f0bebf-9a24-43b6-8641-5ff09578bc5d,f0b509d8-fd14-4b8a-8d7f-43d65e206a91,2024-04-05,1,87.43,Credit Card,0.25,f7cf4a90-4b11-4a03-a93d-2b5e07985044,Cancelled,82342 Melinda Path,North James,Missouri,99431,Djibouti
9f1b599f-75d9-45f1-970c-8f87b2846e12,90491b40-4fca-4a6b-95c1-e296ba3fafd2,af8d6443-21e1-4c38-bf84-d5dfc191bb59,2024-01-09,1,1103.03,Cash,35.32,5e233c6f-223a-47b2-9f06-d791826e3bc8,Cancelled,0558 Amanda Parkway Apt. 892,Bethmouth,New Hampshire,77341,Montenegro
328abc25-88f1-409f-8b52-562587d4a73c,d193d1f7-cbab-4180-a082-16908a6ddff6,3f00213d-113d-4210-8dea-3c6efca38283,2024-03-19,6,351.33,Debit Card,51.34,73a5eb7c-5eb5-4935-8123-6304d350516a,Pending,164 Juan Glen Suite 165,Ryanstad,Mississippi,17277,Saint Lucia
295dc973-4f99-4bca-bc64-bd5f2ac2c375,5c3fbeac-4c4b-4bbc-a813-b71d99150323,42b42a87-0743-4683-bf9c-d3dacacd264c,2024-05-17,10,1523.42,Credit Card,66.47,e5dd6f0c-ee49-4460-a30b-f3f1a99e3b62,Completed,17487 Smith Knoll Apt. 913,Mooreview,Minnesota,78741,Svalbard & Jan Mayen Islands
63c68fa0-a92f-49b4-b128-5753ecc8f450,b33cbfae-c32b-49c4-aa20-4fb95d4e46e2,1ab15bd7-f08f-4c3f-86dc-cdaabdafb611,2024-01-03,1,592.27,Bank Transfer,40.36,90c8b2d2-7a27-4f9c-9f94-dd317bec97cf,Pending,710 Michael Lake,Marshallstad,Hawaii,23773,Heard Island and McDonald Islands
49580dcf-2c9a-45c8-990c-df77d8f8d134,9e4f4da3-2526-4c7c-8b4d-a3ecc0de1735,89e236b2-b78f-4d84-8499-453ea3a67750,2024-06-09,5,983.07,Credit Card,51.2,775a7c00-2d3a-47d4-ba07-d3e01f8d4e7a,Pending,2636 Vang Junction Apt. 221,Jasonport,Montana,07054,Panama
df1226f5-f199-4a37-8cba-27bc3551eda5,e5c65d6e-30e9-4ba9-a155-e5864713a746,b34986ed-aa00-4650-8ba6-4908ffa23959,2024-02-16,3,450.7,Bank Transfer,26.21,4d1d53ff-08c8-4e1e-8b21-e828dda8beda,Pending,7316 Strickland Mount Apt. 835,Fernandoburgh,Alabama,71501,Liechtenstein
daf18521-6f54-43ba-8bb0-c08b30c7782d,ea243f88-e925-4888-aab3-7dcf8e53ae3b,b47ac3c5-0a7e-4011-a9df-057d33c6e577,2024-01-13,7,889.71,Credit Card,70.97,618b6ba5-c84e-48a1-ae4a-e5d2924e94e3,Completed,5185 Julie Way Suite 531,West Monicaberg,Illinois,85096,Saint Vincent and the Grenadines
9385fe8c-8abb-4af7-9b3c-21e4e0c0736e,4f614f5f-dc15-4e0d-84d5-7757ec519cac,0915f944-948c-4c3c-b916-42dd36fd3c38,2024-04-29,9,1403.76,Bank Transfer,67.51,80b6d1f7-d501-4218-8316-8a1a64d7c134,Cancelled,24850 Thomas Land Suite 300,Connieberg,West Virginia,74936,Namibia
2ccb215f-c8dc-45d1-b6b6-dd6f6413f658,a2e96dfd-af73-47d9-b83c-ce817d6a5fc1,0915f944-948c-4c3c-b916-42dd36fd3c38,2024-02-15,9,1562.88,Bank Transfer,34.75,0da1afd7-af6e-4bf3-bfc1-2c77cca84f84,Completed,55670 Hammond Heights Suite 116,Jacksonfort,Indiana,72637,Sudan
587c0983-4f02-405a-a2c6-99449ceb6ce1,940c01e0-32c0-4120-bcfb-8a32bacdc10c,42b42a87-0743-4683-bf9c-d3dacacd264c,2024-05-23,1,1408.27,Bank Transfer,3.11,7e313cbc-33ee-4829-8896-8d19d13bcda6,Pending,3575 Erin Summit,Bishopchester,Vermont,68357,Cook Islands
b567298a-cefd-4531-9ec3-66960e846456,38004156-639f-44ef-9f7e-41091ed7ff9b,e11fabf1-3ce9-4dca-b7c8-812679efe8e2,2024-03-04,6,1951.46,Debit Card,71.46,5d29b421-456f-4d12-96e5-012bf85867b2,Completed,37486 Andrew Junction Apt. 815,Henrytown,Utah,73689,Seychelles
0563d5d1-769d-4694-b375-a78fb51a05d4,50c1b035-803b-4075-9b9c-78134f444417,3f00213d-113d-4210-8dea-3c6efca38283,2024-02-23,7,1071.49,Bank Transfer,64.69,d041255d-8e13-476d-83ba-28152a433386,Cancelled,9506 Cooke Grove,Port Mark,New Jersey,69032,Guam
e71bfdbc-7cca-4e47-aa16-476e6fc8030c,3f5ec920-28f8-43f9-8a80-a46050909110,b34986ed-aa00-4650-8ba6-4908ffa23959,2024-01-17,1,1266.79,Credit Card,53.29,228eea34-11c2-4a82-b852-327fa2d2c6d1,Cancelled,567 Ronald Curve,Kathymouth,New Hampshire,13236,Bulgaria
5cdff69c-6075-4c72-a4a2-dfad1e3513c2,095f95e0-b620-489e-bfcb-af33ffd9ee24,af8d6443-21e1-4c38-bf84-d5dfc191bb59,2024-05-10,8,1337.23,Bank Transfer,3.21,d27a72dc-1ee5-4871-8370-fa969e77eab6,Cancelled,15185 Shaw Circles Suite 908,Robertton,Nebraska,38749,Iraq
ef66e80e-7150-4a59-ac57-94d7e2cd6762,940c01e0-32c0-4120-bcfb-8a32bacdc10c,8d1f0bc6-55b1-4b8b-b14d-112a83dfbaa3,2024-05-31,4,141.05,Bank Transfer,38.73,f7f76b8e-aab1-4319-abdb-d74a8621738b,Completed,68008 Jared Key Suite 004,Pearsonview,South Carolina,35386,Fiji
45476221-17d2-4e19-b7eb-e07fae518814,a1b33604-802d-4b32-a926-1753f1e45850,c4c7cdb4-144c-4795-9606-72d7d83d5af3,2024-01-23,9,1988.84,Cash,78.97,218ae531-f924-47c7-9d77-d1625d56699b,Completed,8169 Lisa Valleys Suite 249,South Susanhaven,Minnesota,50353,Ecuador
dc4893ea-d48f-4215-8d73-3ed3d7d6641b,8ec529bd-bd86-484f-8adc-15bb36c23609,4be3acf4-e9a7-4021-97ce-3d37541a8a90,2024-04-03,3,528.73,Cash,32.81,e54735cc-1795-4aeb-9460-43934c8285bf,Pending,58827 Martin Manors Suite 218,Brookston,Maryland,28901,Belize
2796e660-7f30-4290-a1a8-868f1b63e42b,4a539095-a404-4f99-81a8-2f23f0eab1b3,b47ac3c5-0a7e-4011-a9df-057d33c6e577,2024-02-23,3,1171.22,Cash,73.21,dce1adb1-f416-4fe1-81c8-2a6e993ece1e,Completed,4375 David Hill,North Angela,Michigan,06384,Bouvet Island (Bouvetoya)
5e3f60f7-af94-46f7-b54a-c6e4eee1a644,c59e1a09-ed01-470d-b0ea-bb0ce3316106,c4c7cdb4-144c-4795-9606-72d7d83d5af3,2024-01-17,10,1046.68,Bank Transfer,12.49,4e77b179-7566-4ae5-bf92-f5302366f437,Completed,66966 Tiffany Hollow Suite 476,Port Christopherport,Colorado,78406,United Kingdom
242b7cf2-e9ec-4347-b23b-b6af56ed5716,d91d1d34-0e83-44c3-8413-23041acfe302,31e56146-fb50-41bd-883e-18dcb4aa77cb,2024-04-13,6,1795.54,Debit Card,97.74,c06731ed-0b44-428b-8716-c7bea2543ec9,Cancelled,17205 Mike Glen,Port Johnside,Maryland,06656,Niger
a463caa8-7b4b-4c6a-a048-d07deb5d91fd,43940ba2-db69-4bce-b05e-2b3a57fe4678,3f00213d-113d-4210-8dea-3c6efca38283,2024-05-17,7,1570.84,Bank Transfer,55.51,a8cbde94-c970-4208-bb37-ca178e24c1d7,Cancelled,067 Everett Mills,Port Anneport,Tennessee,60928,Malta
22687fd0-552f-4a3c-8679-319511c6a1c5,5bda63ee-35af-476e-bda8-a56c0973f622,a50b0e48-8873-422d-bde9-da3aa45a4400,2024-05-31,4,1172.5,Debit Card,15.94,e08d0a67-a812-49fb-9405-3a24b6dff327,Cancelled,3327 Wilson Causeway,East Sylviabury,Louisiana,87527,Cameroon
48785f0c-501f-4899-a74d-4ddb83791a14,43940ba2-db69-4bce-b05e-2b3a57fe4678,852ce965-f2a0-44b3-aa3a-345041ca04ef,2024-06-04,7,1158.85,Cash,67.63,8c95bd89-e454-4bd5-9183-2062a93ba0f5,Pending,1185 Roberson Vista Apt. 510,West Erinland,Massachusetts,91176,Saint Lucia
b498a0e4-bfd2-4094-9278-5a7fce2434e6,7775f2e4-6910-40dd-98cf-650337108ed2,c0986f0e-c4a5-465d-89d0-d51f1d5bc9e8,2024-02-05,5,1376.12,Cash,32.69,a76b59d1-c904-4ea8-9799-8d9c9779c744,Cancelled,994 Molina Inlet Apt. 279,Browntown,Idaho,86353,Zimbabwe
1721f19d-b547-4b91-bc91-50eb9a06aefc,7ccf0a6c-4dd2-40f9-adae-8b1f6d5be7c0,42b42a87-0743-4683-bf9c-d3dacacd264c,2024-02-27,10,877.57,Debit Card,44.46,583b779d-8e3a-41f9-897d-b02a0cd71f8c,Cancelled,4993 Samuel Highway,Tiffanyton,Nevada,52314,Swaziland
72d6e088-c34b-48db-8c42-54c6f76b3576,96b2ed61-fb50-41ea-8f67-4daaaec9ab8e,cc12de99-1d17-4ccb-9c23-318590c41525,2024-04-29,3,1730.84,Credit Card,78.57,07655023-f03f-434f-8917-e82da444cf5a,Completed,327 Jill Crossing,Scotthaven,Idaho,60399,Palestinian Territory
1de8532d-df04-4650-b756-00be6a71fbde,44c16d4c-fb27-43c7-b3f7-bddce753189a,c0986f0e-c4a5-465d-89d0-d51f1d5bc9e8,2024-04-29,2,646.89,Credit Card,8.74,918deb7d-1e52-4df4-99a1-c143a51d8244,Pending,51869 Malone Meadow Suite 564,Ralphhaven,California,15384,Saint Pierre and Miquelon
0ca24baf-4187-4f6a-b989-076a42ab0d48,8a419348-7c9a-48d2-bf18-9b3e2dbb4fb6,61111459-87cd-4d89-bb30-71c61fa8bccc,2024-01-07,10,789.7,Cash,15.35,df321339-7011-4dc4-bd4c-5499889c417e,Cancelled,506 Watkins Branch Suite 649,Arthurborough,Delaware,67027,Chad
0a9a9c55-63a1-4d06-b000-2b721f4a6b9e,43940ba2-db69-4bce-b05e-2b3a57fe4678,e66a374a-2f54-437c-b784-b3b39812ff87,2024-04-03,5,396.83,Credit Card,52.18,4d8dadc8-03ab-46ee-9625-73941075d5a6,Completed,012 Paul Mall Apt. 167,Ryanchester,Nebraska,41680,Lao People's Democratic Republic
551f2899-fa27-4fb3-a77a-0be14a2c185a,5c3fbeac-4c4b-4bbc-a813-b71d99150323,f310dfc5-644e-433c-a954-4f17052d4484,2024-01-31,5,1125.81,Credit Card,25.58,0b910818-361f-4583-abce-54915c391b53,Cancelled,28587 Kramer Mountains Suite 377,Leahfurt,Ohio,62420,Comoros
935ba963-e572-4e52-b0cd-be12a730e36c,8b1aa06b-8513-4500-afa8-c07747c86682,1b11b10d-11fa-440b-9f08-9dee22f18059,2024-01-28,10,99.07,Credit Card,40.81,69540837-8f25-4d6b-be6d-b2ef323eb049,Cancelled,190 Patrick Harbors Apt. 071,Butlerland,Minnesota,78810,Bahrain
c45fd390-adef-4128-a483-cefefd55370a,ea8b4e9e-a970-4a94-99b3-2f88f8f0dfe1,4c1a3309-6f85-4ad7-aa12-bb7a941d2222,2024-06-15,3,1105.25,Bank Transfer,38.5,21fab9e3-260e-40d8-949d-4bec69bcc645,Pending,21379 Burch Hill Suite 812,South Chadland,North Carolina,71345,Yemen
75b1e302-a6a8-4b8c-92b3-25a9e8c68c48,07c8576b-3bbe-4410-a953-04cf0f52b44f,dd84be26-2f61-4853-b7d5-3f4f2dcbec56,2024-01-20,6,1583.73,Debit Card,91.72,3292a086-f757-449a-b067-46105d16e7df,Pending,3316 Thomas Key Apt. 720,West Larryland,Maine,06192,Dominica
7067c876-78df-461a-995e-782c01ebe997,5444d232-a374-448e-9ba5-31c971f1b967,3811cf19-a49f-4aed-9743-cb9189684532,2024-03-01,8,358.76,Cash,58.31,517a2235-b2b1-4c53-a6a6-607b213c8f33,Cancelled,26330 Joseph Circle,New Jessestad,South Dakota,73543,Western Sahara
b6e67feb-b6b9-438c-a697-085d10b6731e,c5444cec-7ba3-49eb-a82f-91d6655ff750,082f35a7-3e12-46f5-a9b0-ebe785b5f89f,2024-02-09,6,1473.79,Bank Transfer,93.22,44aea650-49e2-4e7f-97b9-56497d666dda,Pending,7399 Ryan Extensions,South Alicia,Missouri,37727,Myanmar
11e8d38d-db60-406f-9276-5cc3367b4d8d,c59e1a09-ed01-470d-b0ea-bb0ce3316106,f9bb247f-d458-45e2-9f35-6f24ec8b1f40,2024-02-24,10,237.72,Debit Card,19.95,212faf9e-6d18-416d-9d3d-6bb73a368440,Cancelled,25626 West Dale Apt. 004,Jessicafort,Alaska,54339,Ukraine
725436a3-956f-45a7-b03a-711c14d04675,6648185b-aaae-4e41-a05e-263cf5104084,e11fabf1-3ce9-4dca-b7c8-812679efe8e2,2024-03-06,7,583.4,Debit Card,81.85,10e250dd-b4e7-4fd2-9a81-f02ccdeb1e95,Pending,639 Reeves Track,Anitaland,New Jersey,90241,Mali
ed567bbf-ce22-439b-9acf-0a1313200e23,95f07940-d2c2-4e78-910c-236734099840,f0b509d8-fd14-4b8a-8d7f-43d65e206a91,2024-06-14,7,544.84,Cash,58.05,e9af6817-4cdc-40c7-a330-0251c33013ae,Pending,07951 Elizabeth Roads Suite 634,Port Thomas,Iowa,02057,United States of America
00c775d0-b336-471d-8925-dc592b50666c,de865969-7237-4928-b3c9-cab980bd9841,89e236b2-b78f-4d84-8499-453ea3a67750,2024-06-11,7,1873.51,Debit Card,87.82,d92bdeb4-2659-407d-84b8-9113e718af9a,Pending,963 Christine Extension Suite 931,Gloriaton,Rhode Island,83314,Myanmar
6edc798d-f4aa-4c80-bf67-e78c2dfbf74c,fad91a0d-3a43-4c82-8638-cd6d45177497,3811cf19-a49f-4aed-9743-cb9189684532,2024-02-10,4,516.15,Bank Transfer,9.31,bd3d109c-02d6-4b15-9bb8-3e3aa718e52c,Cancelled,2039 Timothy Lodge,Vegabury,South Dakota,24119,Bahrain
53373358-370c-4796-acc3-aea16dad8bcc,a1b33604-802d-4b32-a926-1753f1e45850,bd194ce3-3224-4fa3-bec6-aebf44f68c40,2024-05-22,9,1279.2,Cash,82.84,c35553a2-e14d-4a66-9394-a75d65f21af2,Completed,026 Amanda Ville,Mccormickside,Louisiana,44094,Burkina Faso
7921c850-fef6-4638-a32d-e1f063c3817a,9059daff-8b9f-408a-9d87-762658b32fc2,e1b951a4-a94c-4bad-8a54-d296fb89ab6d,2024-04-25,7,1428.59,Debit Card,43.07,6b7477d4-bf5f-4c49-b74f-73ada418aa5a,Pending,528 Rush Throughway Suite 347,Cooperburgh,Virginia,96258,Egypt
b7de6e47-f975-4340-9aed-1e0441e958d5,23fbfa79-c3cc-4aa3-9a60-11f886a81fde,51747aba-2b3e-4b8a-869e-0ba386413c47,2024-03-25,7,1521.06,Cash,10.41,23238bb1-c616-4f67-919a-bc45b3d1a057,Completed,21621 Greg Extension Suite 724,Jeffreytown,New Hampshire,59450,Guyana
14f74290-c6e1-4b9c-be9e-85806fb6c026,736e07a7-746e-4d10-9d85-1080a029d873,a50b0e48-8873-422d-bde9-da3aa45a4400,2024-01-08,8,1448.48,Credit Card,26.62,b4d72602-7108-4d5d-92a2-3e219867d024,Cancelled,1365 Malone Keys Suite 721,Port Kevin,New Mexico,62908,Equatorial Guinea
17e0892b-7dfb-4b13-8a93-b62789ee04a5,ae0e04e6-e44c-4c67-90f5-b2c773c5a039,31e56146-fb50-41bd-883e-18dcb4aa77cb,2024-06-01,1,67.84,Credit Card,14.83,c6959417-975f-4ab3-8bc3-600599582ebe,Pending,17040 Stewart Island,West Alyssabury,Washington,78905,Lao People's Democratic Republic
1eacac64-0f0d-4277-af05-b843b688abf2,a8b576d1-1616-4c22-baa7-d1d3200f3f1b,f9bb247f-d458-45e2-9f35-6f24ec8b1f40,2024-02-24,3,1138.87,Cash,81.24,31a0e55e-3b38-4916-9f48-009eb55c8875,Pending,43676 Scott Trafficway Suite 203,Reyeston,Maine,17804,Kazakhstan
bcfa067f-f028-486b-818f-bb2bc3a8818a,3df2edfb-0793-4906-ae63-9358b5bce0c5,b47ac3c5-0a7e-4011-a9df-057d33c6e577,2024-05-11,4,343.05,Cash,21.4,f4b3f83c-831b-4b30-baad-4eaaa5dc3481,Completed,23332 William Ridges,North Aprilstad,Ohio,36018,Russian Federation
2afaaf41-85be-40ab-a068-331e3e6d2747,a58e8390-a6f1-4e78-805b-778dba268a1a,cc12de99-1d17-4ccb-9c23-318590c41525,2024-03-06,1,448.31,Debit Card,71.41,1f0d9f66-7d03-4510-8e93-ad33b565ba7d,Pending,3348 Jill Shores Apt. 341,Katelynshire,Iowa,66597,Guadeloupe
f9699df7-43ca-4be6-b1b5-20630ca108d7,b28f8518-7ad6-4191-9dbf-893ad81bf502,f126cb1e-b9ad-4630-8f3f-fd8ba9d7028e,2024-01-21,5,1592.23,Credit Card,25.26,44d3253a-5428-4a69-b88c-053dac8f8fea,Cancelled,74673 Stevenson Field,Kimberlybury,Texas,61855,Gambia
59c721bb-ac61-4fa0-b241-201d2f823d12,3b4a7bd3-4461-4394-8d03-cd8c822bfaff,3227ab97-23a9-4ed9-8dfc-1d4d3d57c69a,2024-05-31,1,653.05,Cash,75.34,13669064-58ad-493f-a645-e447665f425a,Cancelled,489 Jacob Spur Apt. 971,Adkinston,Kansas,70902,Kuwait
6556bce9-ac10-46db-852a-a1f34e298bde,828fa301-eb3c-4cb2-90a5-9f19fa91758f,dd84be26-2f61-4853-b7d5-3f4f2dcbec56,2024-04-20,6,779.41,Bank Transfer,40.14,745d5079-960c-4787-a595-4b1887cee178,Completed,4355 Chapman Park Apt. 427,Port Brookeborough,Oregon,43438,Macao
f86abf0b-c273-4131-8622-1acda5a36163,606835e9-0165-4c7b-9875-45280fefb417,42b42a87-0743-4683-bf9c-d3dacacd264c,2024-01-28,4,1590.65,Credit Card,10.8,310a63d4-b8a3-4960-8c95-fcd7847b71aa,Cancelled,753 Morgan Burg Suite 418,South Kimberlychester,Texas,69669,Zambia
5899db3d-1bfa-4d8f-a00f-d070e400f230,8a419348-7c9a-48d2-bf18-9b3e2dbb4fb6,7481a596-c56d-4710-b932-18e68ddf5169,2024-02-08,1,976.95,Credit Card,71.83,4a70aab9-bdad-4e1f-a49e-74cc4efcef43,Completed,70778 David Courts Apt. 086,North Patrickberg,Oregon,11383,Costa Rica
83bf01ee-b85a-4995-a00e-31f4c64852a9,a58e8390-a6f1-4e78-805b-778dba268a1a,e11fabf1-3ce9-4dca-b7c8-812679efe8e2,2024-05-27,1,965.88,Cash,8.29,9a9157bf-47c7-4f69-ad5f-c759097611d5,Cancelled,868 Ian Key,South Valerie,Oklahoma,30787,Bouvet Island (Bouvetoya)
dca2acf6-0c85-4a03-98f7-b78a596623d8,d53e3d90-8547-44ee-983b-106f8afb2833,3227ab97-23a9-4ed9-8dfc-1d4d3d57c69a,2024-05-06,5,902.44,Debit Card,31.33,d32e45ed-22a6-4429-ba9c-1b3277092a52,Completed,093 Cordova Extensions Apt. 189,Port Ellen,Colorado,08541,Aruba
15623728-ff93-432a-b29c-e7c6f85faffb,e9457c1d-3bb3-4949-8a46-b9e711ee4d1c,1b11b10d-11fa-440b-9f08-9dee22f18059,2024-05-28,10,1264.97,Bank Transfer,97.25,8e054f40-92a2-4f7c-b2aa-0bce4498aff2,Pending,7975 Obrien Estate,Lake Courtney,Oklahoma,33154,Bahrain
c57e59db-1f68-44a6-8400-2f98ac1bbd3c,38004156-639f-44ef-9f7e-41091ed7ff9b,c0986f0e-c4a5-465d-89d0-d51f1d5bc9e8,2024-04-26,4,903.51,Credit Card,52.52,606ac8fd-de67-482f-bd17-a510db6eb7b1,Cancelled,95804 Bowers Villages,Johnshire,Kansas,49068,Venezuela
34948c7d-a48d-4028-825b-5ca453c6f431,df7da044-caec-4b8e-8143-daf1ea4a79f5,f126cb1e-b9ad-4630-8f3f-fd8ba9d7028e,2024-05-15,7,735.73,Debit Card,97.56,2839c7c9-1cf3-4d07-b6c2-70555c9d4ab9,Pending,362 Jackson Trail,Paulchester,Florida,01867,Norfolk Island
7072fd39-953c-414e-a382-8ba87eba8fe2,f0a23667-a2f1-4a70-ac19-c3a69c21a399,c4c7cdb4-144c-4795-9606-72d7d83d5af3,2024-05-22,4,1428.39,Debit Card,38.45,4cfb1328-6617-4e30-8b8d-53706fb6bae3,Completed,222 Yates Mall,Shawnburgh,Utah,24293,Myanmar
2ff70ddf-abee-4b33-8265-aacc345536e0,82309c43-d342-42b1-8001-b3cc800936b1,42b42a87-0743-4683-bf9c-d3dacacd264c,2024-06-17,5,965.72,Credit Card,5.18,965382b7-7210-4de4-9102-65d12c5b3c31,Cancelled,47551 Angela Summit,Lindseytown,Delaware,45248,Wallis and Futuna
769c8130-8c91-4929-95c2-0a8baf6b759f,e651d442-c19b-497f-acc1-bbf91d8ba14c,3811cf19-a49f-4aed-9743-cb9189684532,2024-04-06,8,675.65,Debit Card,38.37,442b4d7e-21c4-41ff-b0b6-e04f0f5a962c,Cancelled,38397 Marshall Springs,North Charles,Rhode Island,16582,Fiji
55a32407-3bbd-4827-bbff-f89d14aa3008,7ccf0a6c-4dd2-40f9-adae-8b1f6d5be7c0,b34986ed-aa00-4650-8ba6-4908ffa23959,2024-06-22,8,343.89,Credit Card,32.52,57c76691-0630-4cfc-af35-01bd345d8cd2,Pending,5441 Dunn Shoal Apt. 831,East Karen,New Jersey,87599,Niger
d6d41d60-10dd-481c-a2db-27c1b0bb3d4d,e9457c1d-3bb3-4949-8a46-b9e711ee4d1c,74a7fc1b-426c-42cc-8f02-d36a8ec3d0b0,2024-05-20,7,395.53,Cash,2.79,b68f1c68-c63e-427f-af0e-a15a8d0d60a3,Pending,5683 Gutierrez Inlet,Morganmouth,Georgia,55091,Nigeria
73737ce3-5f8b-401e-9506-1d99a6c2939e,2ffc586b-708d-4dd2-b442-03b0584764c3,a50b0e48-8873-422d-bde9-da3aa45a4400,2024-02-18,6,1455.68,Credit Card,18.66,4cf0bcf1-2e1a-4b74-bbca-51e72fda7f22,Cancelled,6766 Gross Road,Samanthafurt,Delaware,96649,Cuba
11ca6382-86f6-470b-9cb3-68e9d368c05b,b28f8518-7ad6-4191-9dbf-893ad81bf502,7481a596-c56d-4710-b932-18e68ddf5169,2024-02-10,1,862.09,Cash,43.22,81de810d-546c-4b04-b1f2-e777422a1477,Pending,78753 Robin Mount Apt. 555,Lake Daniel,Oregon,31956,Guyana
2d102fab-38dd-430b-8f69-cd780213a592,1372b4e1-a09e-4797-8f1f-6bff43cc417a,bd194ce3-3224-4fa3-bec6-aebf44f68c40,2024-06-11,1,1640.35,Credit Card,12.87,17fe00e5-5dcf-4774-9430-16c35b9642aa,Cancelled,748 Farmer Road Apt. 790,South John,Illinois,56586,India
4c55855f-2b2a-414b-a510-8450542ffb18,9af5514a-bc2e-4039-95e0-6b59a5513247,74a7fc1b-426c-42cc-8f02-d36a8ec3d0b0,2024-02-11,10,1654.04,Debit Card,44.41,045f7f7a-ffbc-4fd7-b125-cb2840c1be6c,Pending,65456 Brandi Branch Apt. 633,Edwinmouth,North Dakota,12971,Japan
cfb3210a-ebde-4ead-b7c6-746070d4d3d6,d91d1d34-0e83-44c3-8413-23041acfe302,51747aba-2b3e-4b8a-869e-0ba386413c47,2024-03-18,3,1282.98,Bank Transfer,16.95,751087f8-4a23-46ff-a327-217391b9effb,Cancelled,664 Wendy Forge,West Tristan,South Carolina,01976,Moldova
ca47715a-0e52-4d35-aecd-207adf4df6a1,e46ca635-92e6-4f59-87ae-f00bdc307889,af8d6443-21e1-4c38-bf84-d5dfc191bb59,2024-05-24,2,201.09,Debit Card,48.69,f225fa8e-15ff-4431-813d-5d9237892dfa,Cancelled,411 Martin Bypass,Lake Joelton,Utah,64554,Uganda
9c6cc2a1-ee06-4357-b795-06775d25c616,dfb309f5-8b0f-41ad-8ae0-f56df36bd459,af8d6443-21e1-4c38-bf84-d5dfc191bb59,2024-02-25,8,1932.95,Debit Card,57.05,f5eb4b0f-7073-4061-a5a9-154bab8f5c13,Pending,60513 Garner Fall,Lake Ashleyberg,Vermont,70521,Sudan
9ec0a96c-6ffc-499c-b991-8510e2f47d06,8d7553c1-49f3-4b6e-adbc-6514815bc3cc,dff2ce41-b893-45ec-870a-77c69b0c120c,2024-03-24,4,1977.68,Cash,69.2,8c0a9c37-09f4-460a-84b9-6ca516d8b4c8,Cancelled,589 Beth Motorway,Lake Steven,North Dakota,34530,New Caledonia
a1292554-566a-4083-a2ae-0afba25192c7,eb2a1d70-04a9-4e56-b531-b4c3a50d97cf,895c4dc2-1c53-4e6f-a60a-7329f9537180,2024-05-26,2,1037.36,Debit Card,89.77,e9c914cb-cf7f-4e87-a452-c62dd98b9155,Pending,807 Kari Stravenue Suite 229,New Alicia,Maryland,11044,Iraq
36fe15ca-7fa2-46b3-a880-ad81587c41fd,78c40899-b9bc-44cb-9333-7c26a9ed4c4f,082f35a7-3e12-46f5-a9b0-ebe785b5f89f,2024-02-18,4,507.29,Debit Card,88.97,e4368c50-7256-456c-9923-fdd40f419d03,Completed,1684 Melanie Pass,Millerville,Maine,71163,Belarus
4e0d39e8-0b9e-4f31-9541-815cbe9ac6ae,de865969-7237-4928-b3c9-cab980bd9841,fc52de85-97db-4fa2-baac-4756d184fe97,2024-05-16,2,1576.52,Cash,4.31,c3305fcf-5885-4230-9cc7-abadae15da71,Cancelled,8268 Perry Summit,Gallowayland,Massachusetts,54333,Sweden
58b9cb1f-7495-4bfa-ace1-517d25454ff1,b3606970-6a88-4488-809e-48135faf5e31,4be3acf4-e9a7-4021-97ce-3d37541a8a90,2024-01-17,2,1015.78,Cash,48.38,1330caea-0d0a-4db9-8a01-2588af093f23,Pending,335 Tim Manor Apt. 382,Wongton,Pennsylvania,23530,Switzerland
8146e4d4-d1ea-4c21-93af-0151e364a705,3110b571-63ef-4bff-a79d-6a2aa97100ed,50e98e61-de28-4888-b5ad-1a192b4d502b,2024-02-21,9,1654.53,Credit Card,6.41,57c4c2d2-550b-4612-a7e9-8056e62d2810,Completed,3737 Lowe Fords,Novakmouth,Louisiana,95140,Afghanistan
e033e55f-ed8e-4524-ab8f-daf2c6ef9c40,43940ba2-db69-4bce-b05e-2b3a57fe4678,c4c7cdb4-144c-4795-9606-72d7d83d5af3,2024-04-25,8,106.18,Cash,50.01,63e41378-53bf-4c2b-ac57-f4080e2e0b6f,Cancelled,258 Brooks Circles Apt. 909,East Collin,Kansas,80512,Russian Federation
b1c3fbfe-2bbd-4ee0-829e-5993312f326d,7e01ce97-40df-4111-8ede-a830e9566304,89e236b2-b78f-4d84-8499-453ea3a67750,2024-06-09,2,275.43,Debit Card,78.36,2fc6e99e-00fe-463b-989b-75115c189b85,Cancelled,791 Sanchez Park,Lake Connie,Washington,14659,Brunei Darussalam
25e17ce8-61dc-4efb-aecb-b11aae674b76,baf75b4c-755a-4ab8-905c-47c5ae0f51c2,1959f13c-fb40-4a61-97f4-037359e47f94,2024-02-02,7,1052.33,Debit Card,4.6,2a925f3e-3f10-4c13-91c4-2b964f53d23e,Pending,2557 Shelly Square,South Nicolemouth,Maine,00767,Sweden
bf1aef25-e0d7-4f65-a21f-ee1e0b456edd,3901fad3-4438-4c90-a1c9-d341464136a5,cc12de99-1d17-4ccb-9c23-318590c41525,2024-05-08,5,1067.12,Cash,64.37,24f1eb47-82b0-4af4-81f0-3c752882ddf0,Cancelled,7475 Cook Wall Apt. 426,Lake Amanda,New Mexico,09961,Honduras
7665dc50-80c1-49aa-8b5c-ca9025a86cf9,7ccf0a6c-4dd2-40f9-adae-8b1f6d5be7c0,a63d6961-f665-4dda-9168-41828608b6bd,2024-05-13,2,1669.41,Debit Card,1.18,b5a9718f-1ca8-431c-9f68-74ebdd083116,Completed,200 Smith Ville Suite 635,Jaredborough,Alaska,66021,Barbados
4ff98b12-4ace-449d-adf3-dec9a474e2b2,4f614f5f-dc15-4e0d-84d5-7757ec519cac,51747aba-2b3e-4b8a-869e-0ba386413c47,2024-03-24,8,171.64,Debit Card,32.83,c419c4a6-259f-4958-8f43-137fe3936950,Pending,939 Murphy Isle,South Megan,South Dakota,42513,Saint Kitts and Nevis
f4c56eab-1dd3-4143-b99d-246b4ec30409,a5b42ee9-afc5-4907-a013-5294611cd744,af8d6443-21e1-4c38-bf84-d5dfc191bb59,2024-05-27,6,1459.16,Cash,46.5,6a18f4bc-0aa0-4e2b-a1a8-f7d52600338c,Completed,390 Martha Station,Tiffanyhaven,Kentucky,93400,Puerto Rico
425ef38e-2e1f-4454-b07c-8d9d8c22aabc,38004156-639f-44ef-9f7e-41091ed7ff9b,bd194ce3-3224-4fa3-bec6-aebf44f68c40,2024-02-09,3,1613.95,Cash,66.64,ef09fcda-6bfc-4137-b1af-d805c9afe0f0,Pending,59469 David Motorway,Fishertown,Arizona,27788,Gambia
fd0f6261-b8f1-477b-811c-2b99f15c9e35,7d4860af-7830-4015-a678-c7fc7d5b8386,d70260a9-90cc-4a77-9823-cfc8306bac24,2024-05-20,4,1753.79,Cash,24.47,5681319b-9e34-4a84-a5b8-2a0b227650a4,Pending,782 Jasmine Wall,Port Tracyland,West Virginia,80708,Greenland
09cba1e8-bdcf-46f6-8e33-1fba03ac201c,5444d232-a374-448e-9ba5-31c971f1b967,1ab15bd7-f08f-4c3f-86dc-cdaabdafb611,2024-04-07,8,1875.01,Bank Transfer,27.06,d9faff8d-221f-445c-9c64-9c1b9a301add,Completed,4839 John Glen Suite 334,New Ericstad,Arizona,36378,Sao Tome and Principe
6a21f671-0c48-441c-a77c-ddf405289d1b,d193d1f7-cbab-4180-a082-16908a6ddff6,f126cb1e-b9ad-4630-8f3f-fd8ba9d7028e,2024-01-26,2,1618.27,Debit Card,54.65,be709ea5-ad0d-45f6-ab39-7781efed6e5e,Completed,2738 Hill Wall,Veronicaland,Virginia,30573,Australia
4ceb4ad9-cdaa-423b-b471-8a3358344f74,be91a989-745e-4b72-82de-81bdb7d7ea8c,89e236b2-b78f-4d84-8499-453ea3a67750,2024-05-20,10,1697.92,Cash,92.62,edc58071-74da-483c-947a-cf6dae132d1c,Pending,482 Jason Plaza Suite 359,South Erinton,Alaska,47177,United States Virgin Islands
cd152dc6-ed62-494d-8cf9-832e28abb62c,a278b6b1-1d12-49a8-a120-019137a18924,ed3f4f6d-3633-4eea-909a-b6c9515d9a42,2024-04-21,6,1883.56,Credit Card,8.88,cc963943-98a3-463d-9210-257da7dc9b7f,Completed,022 Jackson Ford,Evansview,Missouri,52996,Monaco
6a2e8371-cf14-4f6d-b2e7-22a5831072f3,720e7cc4-9397-43a3-85cc-4d420f81539c,4c1a3309-6f85-4ad7-aa12-bb7a941d2222,2024-05-12,7,928.64,Cash,37.69,1517eb18-9c07-4f5a-aef9-bc072ca8d5fe,Completed,582 Swanson Shores,Caseystad,Massachusetts,99622,Comoros
98184950-6369-456a-9b35-22cce7019a50,1f12bb9a-6019-47d4-8da1-feb69510d77b,b34986ed-aa00-4650-8ba6-4908ffa23959,2024-03-09,8,31.52,Debit Card,58.1,49132fff-dce2-4f3a-ba56-5496a08c9ac3,Cancelled,469 Angela Row,South Henryfort,South Carolina,10604,Guatemala
67aad610-529d-4a66-bc59-62d61631ad28,356ceae7-0de4-4f08-9b73-bd37fa047de7,a208254c-47ae-426b-820b-d388d711f276,2024-06-16,10,37.63,Bank Transfer,37.12,10aeb614-f3c8-49b6-ad2c-ce6e95181538,Completed,5607 Mccormick Track,Johnsonfort,North Dakota,36805,Spain
9b4b5160-4378-4c55-8557-58e7e1e7584a,fb476227-bfce-4f9b-8fd3-3f0ae4af6894,3227ab97-23a9-4ed9-8dfc-1d4d3d57c69a,2024-04-05,9,1146.8,Cash,43.66,912d099a-ec18-455a-be09-82d4cf5da573,Completed,44662 Christopher Mills Apt. 998,Lake Patrick,Oklahoma,32664,Kyrgyz Republic
2e1e72a9-f9ce-494e-b696-d2a2b6e6df11,1c871bd3-f22b-4e31-ab3d-bd6e6c6634d8,9b9e8c9f-7934-40a5-9916-ae0f2ec3ae66,2024-06-22,2,1684.64,Bank Transfer,55.76,528de5c0-1b71-4c3f-b117-bae75566c6d0,Cancelled,50501 Steven Shore,Smithchester,North Carolina,66335,Georgia
