AccessID,CustomerID,CategoryName,AccessDate,Duration,PageViews,DeviceType,BrowserType,EntryPage,ExitPage,GeolocationCountry,GeolocationCity
a2aad2b3-ac8b-4297-8fd4-5ff4edfa4528,f200a20c-bf67-4bc4-8bf1-4967b2fcf96e,Tablets,2024-03-03,111.21,9,Tablet,Safari,http://martinez.com/,http://wise.com/,Hong Kong,South Loriville
10e608dc-1a25-427f-9962-ed850aee4ec9,d53e3d90-8547-44ee-983b-106f8afb2833,Smartphones,2024-04-28,10.13,30,Mobile,Opera,https://mosley.com/,https://cooke-barr.com/,Monaco,Port Anthonyland
7e17ca90-132e-4c50-8f0e-06e810591d65,a79fd4b1-109b-46ea-bd95-f4f4e60fea76,Monitors,2024-03-15,95.6,12,Desktop,Safari,http://rojas.info/,http://www.tucker.com/,Turkey,Michellemouth
2314b33a-3cd0-455e-8098-fb95dc0a5610,59f0bebf-9a24-43b6-8641-5ff09578bc5d,Headphones,2024-02-29,39.65,28,Tablet,Safari,http://www.fernandez.org/,https://www.rios.com/,Nepal,Juliefurt
cf3e622d-d1cd-40eb-8e03-9cb1be54e98a,99774984-7f8b-4b88-aef9-03cc3daa528e,Laptops,2024-03-07,27.56,28,Tablet,Safari,https://snyder.com/,https://www.craig-shepherd.com/,Qatar,Sanchezshire
4bcde768-b49f-4e32-8c9a-815e6fc8bfed,a2e96dfd-af73-47d9-b83c-ce817d6a5fc1,Headphones,2024-06-14,30.5,1,Desktop,Safari,http://www.cox-king.info/,https://allison.org/,Madagascar,New Matthewfurt
cadbf001-acf0-4c10-8798-e7dd289040c1,a8b576d1-1616-4c22-baa7-d1d3200f3f1b,Speakers,2024-04-28,109.07,7,Mobile,Opera,http://bright-white.com/,https://www.jones-morton.com/,Germany,Vegashire
1aa3c5b6-058e-454a-9213-b3952dc7b581,8ec529bd-bd86-484f-8adc-15bb36c23609,Laptops,2024-01-15,15.37,38,Desktop,Firefox,https://www.alvarez.biz/,https://mack.com/,Yemen,Kimhaven
78946865-5bd5-49f2-94d2-5959a266abac,cc562101-7869-485a-ba28-ea91238e2917,Keyboards,2024-03-14,87.21,1,Desktop,Edge,https://www.lopez.net/,https://www.collins.biz/,Sri Lanka,Saundersville
cf7072fc-c5ea-4c76-adcf-d9bf25217bd6,3df2edfb-0793-4906-ae63-9358b5bce0c5,Printers,2024-05-11,62.69,25,Mobile,Edge,http://jordan.org/,https://conley.net/,Tokelau,West Francesport
31ff1fa9-f8a2-400f-aaea-8146a752511b,9059daff-8b9f-408a-9d87-762658b32fc2,Smartphones,2024-03-26,18.55,1,Mobile,Safari,http://www.kennedy.net/,http://www.harper-saunders.com/,Dominica,West Courtneyview
494c409f-72ae-41b0-b34e-fd00b878a17a,d4b11276-a715-4223-8b68-396b79b013f5,Headphones,2024-06-18,38.27,14,Tablet,Firefox,http://swanson-hernandez.biz/,http://brady.org/,Namibia,Lake Abigailville
06e20a50-59fe-4aac-8b83-5e49cc824f94,38aa8937-e2d3-4234-9061-8051442426e3,Smartphones,2024-02-18,88.6,8,Mobile,Opera,http://www.hayes.com/,https://shaw.com/,Vanuatu,West Charles
22b48296-7c71-4016-993c-6b540d9f50fc,d4b11276-a715-4223-8b68-396b79b013f5,Smartphones,2024-03-15,26.86,14,Desktop,Chrome,http://wilson.com/,https://www.anderson.com/,Sao Tome and Principe,East Paulaville
c24d5c1b-3a01-4386-82dd-ddd1f6197f19,99774984-7f8b-4b88-aef9-03cc3daa528e,Printers,2024-06-10,23.25,31,Tablet,Edge,http://miller.net/,http://www.johnson-rivera.info/,Bangladesh,Kimberg
f6975bf7-bdb7-457a-8f86-4fc17b5a2ae8,b3606970-6a88-4488-809e-48135faf5e31,Cameras,2024-04-27,11.11,11,Tablet,Safari,https://smith.net/,http://www.burke.biz/,Holy See (Vatican City State),Russellmouth
946d42a1-de5a-4295-8874-589b6d52920b,4fb20775-b0a8-4d1a-8780-4109d02e9f4a,Cameras,2024-05-03,74.29,17,Tablet,Firefox,http://www.wilson.info/,http://www.mckinney-ayers.com/,Morocco,New Julietown
ad88d450-9c82-4226-a6e5-8178dccca552,e9457c1d-3bb3-4949-8a46-b9e711ee4d1c,Laptops,2024-03-29,2.76,45,Mobile,Safari,https://waller.com/,https://www.king.com/,Nicaragua,Jonesland
15905816-19f9-487e-b83b-1058d7a2297c,bd1d614f-b08a-4a9b-a147-c0fa27d4f183,Monitors,2024-06-10,83.84,46,Mobile,Firefox,https://www.johnson.biz/,https://thompson-waters.org/,Angola,Donnachester
6dc49a72-2be0-4f3a-b51d-c40edc987311,2e3cc3a1-b42d-4740-b73b-1302165d8ec8,Tablets,2024-06-18,95.41,19,Desktop,Opera,https://www.young.org/,https://shaffer-hayes.biz/,Saint Pierre and Miquelon,Lake Alexstad
22ed74c1-027c-434f-94fb-4deb78cd5299,c5fd4e2d-5e9e-4f73-8e74-28a53b69972d,Monitors,2024-03-19,98.06,15,Mobile,Opera,https://www.conrad.biz/,https://perry.org/,Somalia,New Christineside
9bba2967-c42d-47f3-a4f4-8c2fefa89541,8a419348-7c9a-48d2-bf18-9b3e2dbb4fb6,Laptops,2024-04-19,114.92,28,Desktop,Opera,http://www.brown-soto.info/,http://www.lewis-martin.info/,French Guiana,Johnnyshire
6cd34f96-a91f-4e59-baea-d714751d7be8,d627c261-3164-471e-877a-7ebd0388204f,Keyboards,2024-02-06,48.52,46,Mobile,Opera,http://www.jones.com/,https://www.oliver.info/,Nepal,Katiebury
09d3652a-f808-4407-bc3c-4dc93ab5d4b9,41d1e679-fe8d-493c-8e90-03e212655cea,Tablets,2024-04-11,29.86,17,Mobile,Edge,http://baldwin.com/,https://www.johnson-french.org/,Denmark,Lucasberg
4e1cc1c3-e143-4370-aaaf-d8b687762021,55caf42d-353b-4fed-b298-c3345b73564d,Printers,2024-04-06,62.37,2,Desktop,Opera,http://www.phelps.com/,http://www.patton.info/,Panama,East Lauramouth
34085760-ccac-4895-994a-a1e2d99ceec9,7c4313f6-7b30-4040-9d8e-20f66fee614b,Headphones,2024-05-03,35.53,33,Mobile,Safari,http://www.christian.net/,https://cox.biz/,Malawi,Port Samantha
d6e8976c-dc24-4866-9f11-2a6fa8eccfe6,c59e1a09-ed01-470d-b0ea-bb0ce3316106,Speakers,2024-01-02,43.33,41,Tablet,Edge,https://ramirez-johnson.com/,http://www.beck.com/,South Africa,East Pennyborough
0f2f1c34-0698-407e-afb9-480573c20a82,1372b4e1-a09e-4797-8f1f-6bff43cc417a,Cameras,2024-06-11,116.37,19,Desktop,Safari,https://fernandez.biz/,http://brown.com/,Saint Barthelemy,Port Ashleyton
a9db7ba1-9322-43ab-9641-c2a7d99bc555,e05bdbbe-62f3-45c5-b2a7-691ceaf2dd3d,Printers,2024-02-11,78.31,11,Tablet,Opera,http://www.washington-hansen.com/,https://mcmahon.net/,Brazil,East Ashley
77204e1f-bace-46d5-8aca-efc58b2f1ac0,7ec03ae9-37ef-4c66-893b-08a71419ca80,Printers,2024-03-28,35.54,16,Desktop,Opera,http://www.peterson-castillo.com/,https://www.adams.org/,United Kingdom,South Robertburgh
e462fa96-f9a9-4c53-a550-78ea34e47465,9059daff-8b9f-408a-9d87-762658b32fc2,Speakers,2024-06-23,10.58,20,Tablet,Edge,http://parker-dominguez.com/,https://burke-padilla.biz/,Togo,Kennedyburgh
6315b071-b1c9-4495-aa46-fde26f0a757b,8740ef21-9892-46c9-8517-bf29a9457795,Cameras,2024-01-17,72.8,40,Tablet,Opera,https://chapman-carpenter.com/,https://lee-farmer.com/,French Polynesia,West Jefferyton
d7ea491d-4789-4045-a41b-0e103acd6dc9,0cb736a4-23e2-417d-a760-dde0cb6f6302,Headphones,2024-06-16,92.44,15,Mobile,Opera,https://www.gutierrez-adams.org/,http://www.carrillo-martin.biz/,Bosnia and Herzegovina,Dillonfurt
a01f1ff0-a803-485a-8c7a-00ed0dc2686e,9e4f4da3-2526-4c7c-8b4d-a3ecc0de1735,Speakers,2024-05-24,7.83,47,Tablet,Safari,http://www.mcneil-williams.com/,https://www.dennis.com/,Georgia,North Christinafort
10b0c51a-9036-4d13-9a12-d2a9460d2a65,3d290e4e-6eab-4764-9184-df1da3bbe29e,Monitors,2024-01-31,73.89,46,Mobile,Chrome,https://www.moore.com/,https://parrish-harrington.com/,Solomon Islands,Penahaven
5e7531fc-4858-4f3a-bdd5-281b82d2e163,695e2c55-7fd0-43ac-9180-87fb54b0a473,Smartphones,2024-06-05,69.94,28,Desktop,Chrome,http://johnson-lee.com/,https://washington.net/,Argentina,Nicolemouth
e42e1fa9-7bb4-467f-a11a-085ef40ecaea,6c34ae07-6752-4f61-854e-ea79a8340201,Tablets,2024-06-11,81.3,9,Tablet,Firefox,https://www.martin.com/,http://www.ramirez.com/,Namibia,Christopherfort
8cd1a9ab-d68a-4d1a-bbee-716dc65d8c22,dc59c1c9-0af0-408c-b069-bbc1daf8f679,Keyboards,2024-06-17,39.22,50,Mobile,Edge,http://clayton.com/,http://hanson.com/,Benin,Lake Kevintown
5afbc762-5e32-4422-ae0b-53c15a652e3a,e707dd51-984d-4be4-b2bc-55c3a13f6805,Laptops,2024-06-23,93.56,37,Tablet,Safari,https://smith-gonzalez.com/,http://www.henderson.com/,Ukraine,South Chad
b280c5b5-8f22-4167-a06b-a3f64342c4ee,0e15efbc-172f-4ab0-b7f0-81f0c2058bc4,Monitors,2024-02-24,95.38,4,Tablet,Chrome,https://gallagher.org/,https://www.vasquez.biz/,Western Sahara,Hillview
603a99a7-f280-46c1-b764-b9916b32eb54,d69c2f06-cd88-404a-b33f-f95d39700753,Printers,2024-04-05,63.39,27,Mobile,Chrome,http://roberts.net/,http://www.santiago.com/,Rwanda,Maldonadomouth
4fa5f3fa-4211-49ae-af24-5cde4ff2f46f,df19e8db-5c5a-4c04-a1f6-bb1df24b31c5,Speakers,2024-01-14,51.13,44,Mobile,Chrome,https://dawson.com/,https://www.chavez.com/,Kiribati,Kimberlyport
30132fac-403f-4ca1-862f-e992e7b1c7c1,e9457c1d-3bb3-4949-8a46-b9e711ee4d1c,Laptops,2024-02-06,78.31,19,Mobile,Edge,http://www.khan-burke.com/,https://henderson.info/,Latvia,Lake Meganmouth
a0fb235a-4c6a-4740-a3c3-a92509e33393,8d7553c1-49f3-4b6e-adbc-6514815bc3cc,Monitors,2024-06-09,6.82,49,Mobile,Edge,https://brown-barker.net/,http://www.smith-robinson.com/,Indonesia,East Jesusborough
994ba415-da7c-4564-9d39-ad13b0f5b00f,2cc1393c-b672-4965-853d-8af66c1e5149,Headphones,2024-03-08,54.3,11,Mobile,Chrome,http://sellers.com/,https://www.mcdonald-pearson.com/,Mauritania,Abigailport
4847cbb1-6005-4ae9-80cf-406b79558bb5,9af5514a-bc2e-4039-95e0-6b59a5513247,Headphones,2024-05-05,15.71,39,Desktop,Chrome,http://ramirez.com/,https://joyce.com/,New Zealand,Jonathanburgh
9643539a-5496-4346-aa56-288a1487096d,12dc9c52-954a-4ae7-9099-ee0a2259c6b2,Monitors,2024-04-20,115.62,39,Desktop,Opera,http://hawkins.biz/,http://www.dean-rodriguez.net/,Guam,Lake Patricia
c34daea3-59c0-4c8d-b9b0-3e2c07d02883,26d706ad-5258-482d-8085-5d01fe80190e,Cameras,2024-05-16,42.91,26,Desktop,Edge,https://roberts.com/,http://young.com/,Iran,Sherryville
52f7b5dd-9933-4949-9b33-ea07412897b3,87e57c42-c90a-47b8-86de-52fd6f6b6719,Smartphones,2024-01-18,42.63,40,Tablet,Chrome,http://www.campbell-smith.com/,http://peters.net/,Cook Islands,Port Jessicamouth
e49caa0a-7c6b-4a3b-b773-6952ffae2a4a,83ed0b01-10ce-4759-85f1-284f47e93879,Tablets,2024-04-28,20.16,25,Tablet,Chrome,http://www.palmer-blanchard.biz/,https://todd.org/,Finland,Jillianchester
e24bf573-22ea-402b-9fc3-f1553c81c940,0678dedc-c40d-45a8-baf0-50a814ff3796,Smartphones,2024-06-06,116.34,15,Tablet,Opera,https://lane.com/,http://butler-brown.com/,Saint Vincent and the Grenadines,South Laurafort
3fc4816e-373e-49fc-9c57-633180cebe5d,dfb309f5-8b0f-41ad-8ae0-f56df36bd459,Speakers,2024-06-05,32.84,33,Mobile,Safari,http://johnson-burke.biz/,http://www.walsh.org/,Guam,East Nataliestad
ef18bdbc-8080-4d97-bc41-daab0384925a,3f5ec920-28f8-43f9-8a80-a46050909110,Laptops,2024-02-14,80.86,27,Mobile,Firefox,https://www.vasquez.info/,https://rice.com/,Bhutan,Katherineton
efafeb34-f28b-4ae2-b306-2045afc1e26b,c5784759-d7e2-4ccc-86fa-c1cf410a848c,Keyboards,2024-04-29,8.31,2,Desktop,Safari,https://cruz.info/,https://www.horne.com/,Czech Republic,Robertberg
78afbe51-d769-4f6b-b757-aa20eec92fa5,a4ed2fb5-0bdf-4b66-9537-5901a87fce4f,Keyboards,2024-03-22,21.81,25,Mobile,Safari,http://riley-johnson.net/,http://www.hobbs-diaz.info/,Central African Republic,East Tammy
50bbd43a-573f-464d-abc0-b21f622f36c0,82309c43-d342-42b1-8001-b3cc800936b1,Keyboards,2024-04-06,10.76,3,Desktop,Edge,https://www.king.com/,https://www.kaiser-smith.com/,Dominican Republic,South Brandiberg
f382ae74-11c1-4fbf-b60a-35d99a2f80e2,e05bdbbe-62f3-45c5-b2a7-691ceaf2dd3d,Headphones,2024-03-02,29.29,20,Tablet,Safari,http://anderson.info/,https://www.crawford-lewis.info/,Guernsey,New Donnafort
43ef43c3-231c-47a4-8630-e84801b25ce3,d91d1d34-0e83-44c3-8413-23041acfe302,Printers,2024-04-16,89.35,6,Mobile,Opera,http://gallagher-braun.biz/,https://krause.com/,Lebanon,Hicksmouth
13d811a7-6bde-4daa-9f6c-aa78bd2419be,6e28b9c1-7290-4801-bef6-03599a4f95ee,Cameras,2024-04-11,61.27,5,Desktop,Opera,https://singh-scott.info/,http://payne.info/,Zimbabwe,East Marthastad
977de8f6-362c-48fc-a9a3-7e6901050eda,606835e9-0165-4c7b-9875-45280fefb417,Cameras,2024-05-03,89.18,16,Mobile,Firefox,http://khan.com/,https://lucero-alvarado.net/,Norfolk Island,Kingburgh
9b481f9b-1cd1-4448-b9be-8ff6aff36256,1ac14dbd-2227-44e1-b882-304095452183,Cameras,2024-04-06,3.25,25,Desktop,Chrome,https://www.walker.com/,https://robles.com/,American Samoa,New Paulfurt
33b7efca-ab90-4e77-8eae-3fcf4db89210,6415abae-2c45-41da-8724-571a3fffc410,Printers,2024-02-01,64.46,6,Desktop,Edge,https://www.campbell-anderson.info/,https://www.ward-hoover.com/,Guadeloupe,Lake Brandi
ba4178cf-0d2f-431f-a59c-ca14ffe57bd9,95f07940-d2c2-4e78-910c-236734099840,Cameras,2024-02-16,68.06,2,Mobile,Chrome,http://pham-thompson.info/,http://www.anderson.com/,Netherlands,Lake Danielfurt
03099f3e-994f-47e0-9eef-462a49092407,332240c2-3a1d-4666-95c4-1914a6933ccb,Monitors,2024-03-12,118.22,48,Mobile,Edge,https://www.yang.com/,https://guerrero-chapman.net/,San Marino,Diazview
437eefc3-229e-44cb-bd55-af3274033e1d,a95c57b8-f46c-49a6-99e0-549ca4dec5fd,Laptops,2024-05-29,40.56,34,Tablet,Firefox,https://davidson.com/,https://www.gonzales-jimenez.org/,Trinidad and Tobago,West Feliciaview
19f28840-4a4a-4875-9794-4306ee227290,df7da044-caec-4b8e-8143-daf1ea4a79f5,Printers,2024-05-22,11.22,41,Mobile,Safari,http://brown.com/,http://www.wells.com/,Ecuador,Williamston
bbc27bad-c9c5-47b7-9633-f086ff640c61,984f6f87-701b-4493-a6e7-a714d63dbd80,Printers,2024-04-12,28.4,27,Mobile,Edge,http://hawkins.com/,http://cunningham.com/,Hong Kong,New Jessica
03f7059e-8d30-4ff4-a133-3f8c880b9c0a,a8b576d1-1616-4c22-baa7-d1d3200f3f1b,Speakers,2024-05-01,93.53,17,Desktop,Opera,https://www.dawson.com/,http://www.kemp.com/,Kazakhstan,West Amandaland
e5090b90-c685-4384-a850-5a42812aa3f6,6e28b9c1-7290-4801-bef6-03599a4f95ee,Smartwatches,2024-01-21,67.42,33,Desktop,Chrome,http://thompson.com/,https://www.carpenter.com/,Guinea,Port Diane
4a0ceedb-ab9e-402f-9259-71142bd52ff3,cb4e50f2-d8d9-4bd8-828b-d4bef0becbe0,Tablets,2024-04-16,115.64,25,Tablet,Opera,https://hall.com/,https://www.ferguson-munoz.com/,Egypt,North Kimberly
b45fff57-aede-45c2-a224-7855f91fd908,a8b576d1-1616-4c22-baa7-d1d3200f3f1b,Keyboards,2024-06-15,70.07,31,Desktop,Edge,http://underwood.com/,http://young.info/,Antigua and Barbuda,Lake Emilyland
1447dd51-9e98-4b21-a611-0703ec7ed6c7,b3606970-6a88-4488-809e-48135faf5e31,Monitors,2024-06-18,92.8,47,Mobile,Safari,http://www.sims-ellis.com/,https://armstrong.com/,Estonia,East Sharon
e8afa9a4-8bc9-4172-926f-c0630d6ab8af,12dc9c52-954a-4ae7-9099-ee0a2259c6b2,Laptops,2024-06-11,25.61,31,Mobile,Opera,http://santiago.com/,http://clark-bryant.com/,United Arab Emirates,New Jamesburgh
b31d27e7-7da2-4008-99c7-4b995f17922f,50c1b035-803b-4075-9b9c-78134f444417,Headphones,2024-03-21,46.82,7,Mobile,Opera,https://www.whitaker-williams.com/,http://brown.com/,Greenland,Lake Stacyberg
ed6be3cb-308a-4df3-82d8-99268dce1cee,9af5514a-bc2e-4039-95e0-6b59a5513247,Smartphones,2024-01-03,112.97,39,Tablet,Edge,http://www.hoffman-yates.com/,https://www.gibson.com/,Christmas Island,Sandrabury
9366d53c-50c8-4c0a-a4d6-29e0f102b3aa,28fad95c-d631-4e7e-bb49-15cbfdb284b7,Monitors,2024-04-04,19.64,47,Tablet,Chrome,http://www.garcia.com/,http://www.house-rodriguez.info/,Guinea,New Nicoleview
0cc8625b-1b9a-4798-90a8-1e9a8b3a3b3d,a8b576d1-1616-4c22-baa7-d1d3200f3f1b,Keyboards,2024-04-24,57.88,16,Tablet,Edge,http://www.fry.info/,http://mclaughlin.biz/,Antigua and Barbuda,Lake Christophermouth
445fab7f-4427-40b2-a501-3adf5470000a,4d7d672d-74d6-4c91-8571-9817521fae22,Smartphones,2024-05-11,106.54,9,Mobile,Opera,https://weber.com/,http://mitchell.org/,Christmas Island,Sherimouth
f3dae66e-1c86-46a3-94ce-7150c715e856,e651d442-c19b-497f-acc1-bbf91d8ba14c,Monitors,2024-01-02,104.7,32,Tablet,Safari,http://webster.com/,http://www.valdez.biz/,Holy See (Vatican City State),Amymouth
d9a6341a-da6a-452c-8162-764d883a3230,1d0150c9-394d-4f34-b097-df6218d32baf,Cameras,2024-03-30,40.49,2,Desktop,Opera,https://www.ford-choi.com/,https://www.beard.com/,Djibouti,South Williamland
a45fab87-b65e-47e9-a2f0-23eec83c7aaa,90491b40-4fca-4a6b-95c1-e296ba3fafd2,Speakers,2024-05-07,69.24,7,Tablet,Safari,https://www.allison.com/,http://www.harper.com/,Solomon Islands,Stevensborough
86b3de49-5078-43ff-80fb-15060d646c8d,7e01ce97-40df-4111-8ede-a830e9566304,Printers,2024-03-28,26.61,41,Tablet,Opera,https://moore.biz/,https://kim.com/,Jordan,East Gloriafurt
b58bbb93-1efb-44e4-9fa5-eb1cc28c9af8,e9457c1d-3bb3-4949-8a46-b9e711ee4d1c,Smartwatches,2024-04-17,107.44,29,Tablet,Chrome,https://kaiser-cortez.net/,http://www.williamson-mcdonald.com/,Sudan,West Beckyton
0de0a5ce-5011-462e-a58d-225d344c3713,a6e6e3e8-7158-4c18-82d7-beadfd0f505e,Laptops,2024-05-27,102.31,22,Mobile,Edge,https://smith.com/,https://tapia.info/,Malta,New Traceyville
fbc5b4b7-3c96-472c-88fb-21e307175d24,38004156-639f-44ef-9f7e-41091ed7ff9b,Smartwatches,2024-02-05,41.23,12,Desktop,Edge,https://tate.info/,http://www.lambert-moore.com/,Latvia,Shannonport
334f0109-23e1-42ac-971a-342a421b70f1,6803a5d8-b8d3-42a8-a885-5d2d70a3eef7,Tablets,2024-04-02,52.59,45,Mobile,Chrome,https://www.wilson-chan.biz/,http://gibson.org/,Israel,Michaelshire
83374958-9792-436f-bed6-8697dc83094b,a95c57b8-f46c-49a6-99e0-549ca4dec5fd,Smartwatches,2024-05-17,1.16,24,Desktop,Firefox,http://stewart.info/,https://baldwin.biz/,Bermuda,Lake Denise
e6f37632-41dd-47fc-8fe8-e2493c7c1d92,df7da044-caec-4b8e-8143-daf1ea4a79f5,Cameras,2024-05-19,102.98,5,Desktop,Firefox,https://www.brown-simpson.biz/,https://www.davis-ingram.com/,Tunisia,Joyceton
fcc06644-bbcb-4c01-9098-2e7182a1c5b1,cb4e50f2-d8d9-4bd8-828b-d4bef0becbe0,Tablets,2024-03-27,69.39,47,Desktop,Edge,http://gonzalez.org/,https://mcclure.com/,Finland,Lake Mike
8c8902d2-a722-48ee-a447-5a93d3f9afb7,d3a3e716-4949-4b4b-959a-f74e90b770b3,Laptops,2024-05-23,28.21,35,Mobile,Firefox,http://www.fleming.com/,http://www.flores.com/,Grenada,North Jessicaville
13ae7748-fc08-47b8-8a5b-fa2b4662cddd,e5d5c5b3-493c-45f8-b8f0-711cce71a906,Headphones,2024-04-10,24.5,32,Desktop,Firefox,http://www.ortiz.com/,https://www.smith.com/,Liberia,Randallshire
7434daf4-9c56-4883-9f51-5c91be4f04cd,6415abae-2c45-41da-8724-571a3fffc410,Cameras,2024-03-10,108.41,12,Tablet,Edge,http://moore-parker.com/,http://www.lopez.info/,Palau,Lake Kennethton
677c1f26-4ee3-4a7d-b973-d3a2f4c0263e,e707dd51-984d-4be4-b2bc-55c3a13f6805,Laptops,2024-01-21,63.34,41,Desktop,Firefox,https://brown.com/,http://brown-martin.com/,Kazakhstan,Lake Tracytown
a2298331-ec67-42ac-bd20-2ea0ecd8ecc0,a4ed2fb5-0bdf-4b66-9537-5901a87fce4f,Smartphones,2024-03-10,7.66,9,Desktop,Safari,https://harris.net/,https://rodriguez-sanders.info/,New Zealand,Deborahmouth
6b36b50a-bbac-4e1e-a2c4-d4246b68f36a,e0a8e464-dd10-43f3-9a98-2946a40e6a7c,Printers,2024-06-01,43.21,37,Mobile,Chrome,https://www.ramirez-newman.com/,https://estes-wilson.com/,Congo,East Robert
b4f82a8c-7667-4f35-8ac9-ac2f6ca7b937,e80144c9-d8d9-485f-bdd0-eedb1b52e241,Speakers,2024-01-03,92.62,42,Mobile,Safari,https://www.hammond.info/,https://www.reid-davis.com/,Congo,Lisashire
2c68fa25-aafa-4def-af9b-4aeaee7ce216,59f0bebf-9a24-43b6-8641-5ff09578bc5d,Monitors,2024-03-16,89.88,48,Mobile,Chrome,https://www.valentine.com/,https://gordon.com/,Palestinian Territory,South Stacey
48b5190c-7d77-45f5-a26a-d84d828a6b1c,7f073252-b9a9-495b-9dbd-a7ed86eca90a,Smartphones,2024-04-08,17.73,50,Mobile,Chrome,https://chen-may.com/,https://www.collins-perry.info/,Tonga,Theodoreborough
e364affe-4215-4004-a6ae-8351f06a37f8,5c2da6a4-a7da-49e1-a1d5-0f499e8856e7,Printers,2024-05-23,25.34,45,Mobile,Chrome,http://mccoy.com/,http://www.smith.biz/,American Samoa,Blackburnland
dec594d4-6918-4be8-a955-d1d9d0074664,df7da044-caec-4b8e-8143-daf1ea4a79f5,Headphones,2024-03-01,47.05,39,Desktop,Safari,http://hanson-durham.org/,http://krueger.com/,Bahamas,Leahfort
66635b74-f8cb-4511-b956-b7ac45da2b1c,4a539095-a404-4f99-81a8-2f23f0eab1b3,Printers,2024-04-18,112.43,16,Tablet,Safari,https://klein-reese.net/,https://www.wood.net/,Cameroon,Jenniferfurt
ce95af0c-4d6a-4f2a-bf65-9a43f32e51a7,96b2ed61-fb50-41ea-8f67-4daaaec9ab8e,Monitors,2024-01-06,85.49,9,Desktop,Safari,http://www.clark.com/,https://www.patrick.org/,Eritrea,West Kevin
64f100e8-d56f-446b-8705-bf67f3c33d50,3814cd98-40a6-4f75-b7f3-3c0170f23c9e,Smartwatches,2024-05-03,83.28,10,Tablet,Edge,https://gates-miller.biz/,https://www.curtis.info/,Armenia,South Kaitlyn
3b76ae95-1e7e-4b7b-ab3e-79da30f1c942,43f0ed3c-4d3e-4c88-b524-72f368a9b354,Monitors,2024-02-17,60.8,20,Desktop,Firefox,https://sanchez.biz/,http://jones.com/,Saudi Arabia,New Michaeltown
a0ae4d37-a031-4c8d-917f-c538801583fe,57cf8c5b-df8c-43ef-a952-2d9457deac77,Speakers,2024-06-10,112.53,24,Mobile,Safari,https://www.buck.com/,https://parker.net/,Kenya,Martinezland
0a0322dc-3681-48a1-8cd9-a0cd871c61a8,57cf8c5b-df8c-43ef-a952-2d9457deac77,Cameras,2024-05-04,87.72,19,Desktop,Opera,https://www.schultz-brown.com/,https://www.greer.com/,Antigua and Barbuda,Thompsonmouth
faeedce0-7cfa-41d2-8434-abc494949153,ca61a062-77df-490b-8d35-7442b9e725ed,Keyboards,2024-04-26,8.0,16,Tablet,Firefox,http://mendez-salazar.com/,http://morris.com/,Ecuador,Petersshire
e863e545-498a-4866-8d4e-cb4683a81241,d91d1d34-0e83-44c3-8413-23041acfe302,Keyboards,2024-06-09,73.96,30,Mobile,Firefox,http://www.martinez.net/,http://baker-fisher.org/,Chad,Lake Brian
1d2b270d-fe4b-4563-a978-0e407390da19,c59e1a09-ed01-470d-b0ea-bb0ce3316106,Monitors,2024-01-17,28.94,4,Desktop,Opera,http://www.cowan-patton.org/,http://www.hammond-carter.com/,Chile,Maddoxville
07a254f5-e9a4-4bc3-8944-0700fd10f4b4,b10230e2-f449-4448-a31a-1076b88cefe1,Laptops,2024-05-31,25.0,50,Mobile,Safari,http://www.mann.biz/,https://www.rivera-figueroa.org/,Uruguay,Mckeeshire
3079c11b-4c97-4a77-93b2-03fa7209e190,b33cbfae-c32b-49c4-aa20-4fb95d4e46e2,Speakers,2024-04-06,110.35,1,Tablet,Safari,https://www.brown-davis.org/,https://robinson.com/,Faroe Islands,Port Michael
400ff7b5-ba12-4d29-8447-053854d7a26c,b7a2ad6f-1c61-452a-b957-c31d48cbc9e9,Smartphones,2024-03-25,51.03,30,Desktop,Chrome,http://glass.biz/,http://juarez.biz/,Montenegro,Carolineberg
85ae5617-903f-4da4-90b1-53011565c40f,5c2da6a4-a7da-49e1-a1d5-0f499e8856e7,Headphones,2024-03-01,67.74,3,Mobile,Edge,https://www.sutton.com/,http://www.wright-wilson.org/,Malaysia,East Williamville
734f11dd-110b-43d1-bce1-6942d7482d8b,1ac14dbd-2227-44e1-b882-304095452183,Cameras,2024-03-04,41.65,26,Desktop,Firefox,https://smith.com/,http://delgado.net/,Congo,West Caleb
c0fe45dc-4a30-4bf0-8651-8af37d392ae4,2277321b-e6d2-4d1c-8798-d0cc04d06a70,Smartphones,2024-04-10,36.9,13,Tablet,Opera,https://www.cox.com/,https://tucker-white.com/,Falkland Islands (Malvinas),South Benjaminfort
20f629b7-d6a9-4f44-91cd-dd7a12d6d0ee,83ed0b01-10ce-4759-85f1-284f47e93879,Keyboards,2024-02-03,15.82,41,Desktop,Safari,https://morales.org/,https://cordova.com/,New Zealand,West Donnachester
c4352a34-661a-4e7b-a2a5-a92fb983e05a,d959c586-cdf8-4ce6-b264-82d176424ad5,Cameras,2024-03-19,91.35,32,Tablet,Edge,https://www.smith-lloyd.net/,https://crosby-smith.biz/,Mozambique,Ayalashire
f033eebf-1518-44b0-ae47-e4a0ff995bc7,bd932be1-dda4-4ba3-8d9e-bea7bb368551,Tablets,2024-03-25,84.48,29,Tablet,Opera,https://santos.com/,https://gray-stokes.com/,Fiji,Moralesport
94911704-ed49-4248-bc3a-2989db208549,940c01e0-32c0-4120-bcfb-8a32bacdc10c,Keyboards,2024-06-07,118.64,10,Mobile,Chrome,https://www.williamson.net/,https://thomas.info/,El Salvador,Jonesville
91f12a03-a130-4d63-a50f-2db708899741,b3877201-c73d-4543-a09b-6db3ec79eda9,Keyboards,2024-03-24,55.56,10,Tablet,Safari,http://www.ho-mercer.net/,https://hernandez-poole.info/,Venezuela,Jonmouth
96a0c820-19dd-4618-9305-6405cd4184a6,92248b72-a508-4f2b-a2b7-3726c5ed11b7,Cameras,2024-06-16,50.56,47,Tablet,Edge,http://www.lin.com/,https://walker.com/,Nepal,East Kari
8ca4ff3b-b110-4548-a3ea-9c7154f88117,6803a5d8-b8d3-42a8-a885-5d2d70a3eef7,Headphones,2024-02-11,71.08,22,Tablet,Safari,http://hendrix.org/,https://www.whitney.com/,French Polynesia,Lake Billy
c381528b-9b3c-489e-b859-27a646097cdf,a6e6e3e8-7158-4c18-82d7-beadfd0f505e,Tablets,2024-01-25,80.16,49,Desktop,Edge,http://farrell.com/,http://www.bishop.biz/,Sierra Leone,Port Oscarbury
988e8c52-04c6-4a90-a389-79fa58693a01,ed9d9bb7-5d68-499d-a0c5-680cf62679f3,Smartphones,2024-03-05,76.56,18,Tablet,Edge,http://aguilar.biz/,https://www.graham.com/,French Southern Territories,Kirktown
9f82c232-87ec-4bdf-8ac0-50019d866a96,c845aad7-9ce9-4e2f-98cf-c0bd0c4322e0,Cameras,2024-04-22,3.71,41,Mobile,Chrome,https://www.wheeler-shepherd.com/,http://welch-goodman.com/,Mayotte,Lake Stephenchester
180f2848-114a-472d-8bfd-54e7c7fd9121,9059daff-8b9f-408a-9d87-762658b32fc2,Headphones,2024-06-22,59.85,46,Tablet,Edge,https://hodges-stark.net/,https://www.freeman.com/,France,Laurietown
b6678750-5218-49cb-9adf-ca9189814b94,07c8576b-3bbe-4410-a953-04cf0f52b44f,Printers,2024-01-26,24.27,7,Mobile,Firefox,http://www.contreras-sosa.com/,http://weaver.net/,Namibia,Natalieside
2d24f498-ac97-44e4-a707-cda7f1106621,3344f0bc-3621-4fa7-a5d2-040e0e4d53db,Smartwatches,2024-02-09,53.55,13,Tablet,Opera,https://www.glass.com/,https://jimenez-clark.com/,United Arab Emirates,East Douglasmouth
804f8897-08b5-4173-b77f-460b6cd445de,88586d6a-eae9-48c6-92c9-c2db8e060a06,Cameras,2024-03-24,6.6,22,Mobile,Edge,https://rodriguez-carter.info/,http://www.russell-thomas.info/,French Polynesia,Bowenborough
a7f2fb2a-59eb-4e3e-a411-40482e729c7e,b33cbfae-c32b-49c4-aa20-4fb95d4e46e2,Monitors,2024-05-18,41.08,13,Desktop,Chrome,http://crawford.net/,https://www.mullins.com/,Guam,New Emily
561106b1-031d-498a-91c5-3f7179606731,d4b11276-a715-4223-8b68-396b79b013f5,Cameras,2024-04-18,56.75,6,Desktop,Opera,http://miller.net/,https://www.may.com/,Cameroon,Michaelton
9eb93826-eb61-4ac0-9f97-55a1382a5b6c,e80144c9-d8d9-485f-bdd0-eedb1b52e241,Keyboards,2024-01-02,117.98,35,Mobile,Edge,https://www.willis.com/,http://watkins-griffin.net/,Antigua and Barbuda,North Sandraland
41000231-6639-470b-9786-d0e5beb1fe98,d6010d69-2fe4-4c10-be9c-8a273ba518ce,Keyboards,2024-05-29,53.18,2,Tablet,Opera,http://anderson.org/,http://roberts.org/,Nicaragua,Cruzville
4b097779-1310-4543-a2cd-de3d288f986c,e80144c9-d8d9-485f-bdd0-eedb1b52e241,Headphones,2024-03-18,54.89,41,Desktop,Chrome,http://www.vega.com/,http://hodge.info/,Mali,South Denisestad
3c3bed9c-7c62-44e5-8dc0-289fc19efe78,e9457c1d-3bb3-4949-8a46-b9e711ee4d1c,Monitors,2024-04-26,21.88,50,Desktop,Firefox,http://www.holmes-sparks.biz/,https://www.willis.com/,British Indian Ocean Territory (Chagos Archipelago),Robertsberg
36e9698a-70e2-4228-9e00-3b45dc73552b,96b2ed61-fb50-41ea-8f67-4daaaec9ab8e,Speakers,2024-01-22,55.39,49,Tablet,Opera,https://lyons.biz/,http://www.estrada.biz/,Ghana,Paulton
fc3c9430-1f61-46ac-9cce-3ec319cd736b,b3877201-c73d-4543-a09b-6db3ec79eda9,Cameras,2024-03-11,44.14,30,Tablet,Safari,https://zamora.info/,https://www.henderson.biz/,Taiwan,Jaclynland
65994aaf-3027-4e9c-8361-e0d4ef50b24f,c59e1a09-ed01-470d-b0ea-bb0ce3316106,Smartphones,2024-04-19,38.66,26,Desktop,Chrome,http://walsh.org/,https://www.johnston.com/,Venezuela,Haasfort
0812cd5d-5ab3-4794-90da-09966bf2907e,d53e3d90-8547-44ee-983b-106f8afb2833,Speakers,2024-01-23,78.98,4,Tablet,Safari,http://sherman-evans.com/,https://macdonald-lopez.com/,Argentina,Lake Josephview
d2a33563-4f2b-4041-945b-48e43e3b6a6d,4f614f5f-dc15-4e0d-84d5-7757ec519cac,Headphones,2024-04-14,81.32,18,Tablet,Firefox,http://www.johnson.com/,http://clark.org/,Australia,North Vanessa
1e9e1c65-9798-4e44-9127-43acaa462333,332240c2-3a1d-4666-95c4-1914a6933ccb,Speakers,2024-02-25,19.5,1,Mobile,Firefox,http://www.allen.com/,https://www.stevens.biz/,Burundi,Lake James
ee9686e0-741a-4b73-b259-6d9dd6be2b02,7c4313f6-7b30-4040-9d8e-20f66fee614b,Headphones,2024-04-20,62.68,46,Mobile,Opera,http://www.washington.com/,http://www.bryan-jackson.com/,Falkland Islands (Malvinas),Port Clifford
32479932-31dc-4880-9a76-89d03f8496f5,f82a5f44-e69d-4ac3-b48a-c73765389a16,Tablets,2024-06-05,115.1,43,Tablet,Edge,http://patterson-jenkins.info/,http://curtis.com/,Iran,Amandastad
a008ca01-9fff-42a8-a1d6-94dc70e444a8,3d8185c5-c174-43d8-9aff-b06eaf7afe1d,Cameras,2024-01-09,62.24,24,Tablet,Firefox,http://jones-howard.com/,http://bush-crawford.com/,Congo,Kellychester
e6bacbf9-530c-450c-9924-52b93850067e,df7da044-caec-4b8e-8143-daf1ea4a79f5,Smartphones,2024-02-03,39.26,37,Tablet,Opera,https://www.moore.com/,http://www.ramsey-aguirre.net/,Albania,Theresafort
41f40951-a1fb-415f-8dd7-67c484034016,6415abae-2c45-41da-8724-571a3fffc410,Printers,2024-02-02,15.99,14,Tablet,Opera,http://www.neal.com/,http://www.cervantes.info/,Ghana,East Johnny
5f3a261a-9eb3-4321-bc8c-b15003435e88,19e50445-5934-4992-b158-d77426a29a3e,Printers,2024-02-07,78.26,19,Tablet,Safari,http://www.evans.com/,https://www.cunningham-simmons.com/,Malta,West Dustinborough
4bf97f31-4cdf-4bb8-9463-c1b63db19054,92248b72-a508-4f2b-a2b7-3726c5ed11b7,Speakers,2024-02-17,103.94,30,Mobile,Safari,http://www.smith.info/,http://marsh.com/,Angola,New Robertchester
76b236f5-0244-4400-a5a1-781020afe225,43940ba2-db69-4bce-b05e-2b3a57fe4678,Speakers,2024-06-02,106.0,41,Desktop,Safari,http://sullivan-scott.org/,http://www.taylor.info/,Oman,Daviston
9bd647af-c4af-4113-8925-466cf58e3a04,87ec98af-2092-4964-8cd8-3a317eec942f,Printers,2024-06-11,1.33,1,Mobile,Firefox,https://www.myers.com/,http://www.parker.com/,Syrian Arab Republic,Lake Benjamin
9014f05c-0140-462d-b0b6-599b5afb92b0,d6010d69-2fe4-4c10-be9c-8a273ba518ce,Monitors,2024-02-21,39.33,45,Tablet,Edge,http://glover-bender.com/,https://jones.info/,Saint Kitts and Nevis,Larsonchester
fac51364-e631-4858-826a-5b08253b0830,4fb20775-b0a8-4d1a-8780-4109d02e9f4a,Smartphones,2024-01-04,114.99,40,Mobile,Firefox,https://www.bradley.biz/,https://garza.com/,Malawi,North Norman
5d925bed-c0ad-4962-a94f-c791839cbc84,9e4f4da3-2526-4c7c-8b4d-a3ecc0de1735,Cameras,2024-06-20,11.46,6,Desktop,Opera,http://www.duarte-benitez.com/,https://www.hall-lawson.info/,Vanuatu,Sarahfort
76fe759d-5cfc-42b1-862f-e979d4177263,bf128198-bbaa-4ae9-b874-b868b45477de,Speakers,2024-02-16,67.15,48,Mobile,Safari,https://www.petty.biz/,https://walker.com/,South Africa,Lake Christopherbury
1f30ae22-3511-4893-bef6-86337d718564,1d0150c9-394d-4f34-b097-df6218d32baf,Monitors,2024-04-14,11.34,3,Mobile,Safari,https://www.mccoy.com/,https://king-shaw.com/,Guam,Sarahmouth
3905ed92-de55-4365-b709-5c67a094f767,cb4e50f2-d8d9-4bd8-828b-d4bef0becbe0,Smartphones,2024-03-08,108.33,48,Desktop,Opera,https://www.russell.net/,http://www.pierce.com/,Gabon,East Brenda
3412b215-7b7d-4cfc-b5fb-fe49bef4f227,a52a4651-43f9-4c67-b2e3-7b3806f1dcac,Smartphones,2024-01-01,26.82,16,Mobile,Safari,https://lee.com/,http://www.dominguez-townsend.com/,Bouvet Island (Bouvetoya),North Martin
9bd2f92b-b920-4942-a884-a3d7d3d8a7fb,b3877201-c73d-4543-a09b-6db3ec79eda9,Monitors,2024-03-08,77.13,7,Desktop,Firefox,http://www.berger-johnson.biz/,https://medina-schmidt.info/,Saint Pierre and Miquelon,Ginaberg
9ff6c9a2-be5d-46e8-80fa-28b75333ed10,be91a989-745e-4b72-82de-81bdb7d7ea8c,Monitors,2024-06-08,36.66,15,Desktop,Chrome,https://shah.com/,https://www.rogers.org/,Brunei Darussalam,Lake Alexandra
9475492e-a753-44bf-89d8-884c591977d9,8b1aa06b-8513-4500-afa8-c07747c86682,Laptops,2024-05-28,55.65,29,Tablet,Opera,https://burns.com/,https://orr.org/,Gibraltar,New Christopher
0aa54fe2-af8e-4f55-ad55-596ebeaaafd0,88586d6a-eae9-48c6-92c9-c2db8e060a06,Laptops,2024-06-21,66.61,18,Tablet,Firefox,https://martin.com/,http://www.santiago-montgomery.net/,Israel,Lake Beth
8c0b8a49-7b74-4522-993d-6877092acc62,3f5ec920-28f8-43f9-8a80-a46050909110,Smartphones,2024-01-22,81.54,44,Desktop,Safari,https://www.cochran.info/,http://robinson.com/,Holy See (Vatican City State),North Melissa
d9d77596-5824-48ca-bcfc-4c3fe8e59a96,1c871bd3-f22b-4e31-ab3d-bd6e6c6634d8,Tablets,2024-05-03,68.8,28,Desktop,Edge,https://www.gilmore.net/,http://taylor.org/,Montserrat,North Mario
40a113d8-3e37-4601-84d6-8a1e5de92472,d53e3d90-8547-44ee-983b-106f8afb2833,Headphones,2024-03-02,12.0,11,Desktop,Opera,http://www.conner.com/,https://www.nguyen.com/,Reunion,Samueltown
9edc217d-0960-4488-9a09-c117ee2d1457,4009f3bb-c4ab-4f79-90b0-37ea39ddda63,Cameras,2024-04-01,6.59,1,Tablet,Safari,http://mitchell.net/,https://johnson.org/,Christmas Island,Dixonport
44e51687-2227-4f64-b81a-6f3b87247088,df7da044-caec-4b8e-8143-daf1ea4a79f5,Tablets,2024-01-06,102.05,43,Mobile,Safari,http://jenkins-mcbride.com/,https://www.cooper.com/,Nauru,North Garyborough
14db7c2e-5d1c-47e7-bd01-33900dd0154a,6648185b-aaae-4e41-a05e-263cf5104084,Smartphones,2024-01-04,107.9,30,Mobile,Edge,https://www.phillips.org/,https://www.pittman.com/,Christmas Island,Lake Toddtown
d58b5d26-c5b9-44da-843f-bb7411d0132f,df19e8db-5c5a-4c04-a1f6-bb1df24b31c5,Keyboards,2024-04-11,76.41,9,Tablet,Edge,http://www.brady.com/,https://www.dyer.info/,Korea,West Sarahville
d6356fe1-6d37-463a-8fc2-847f19ad1ece,b260ade8-3df9-4f79-8a3c-c781e1f61bfe,Smartwatches,2024-05-18,26.58,48,Mobile,Firefox,https://smith.biz/,http://conrad.info/,Guadeloupe,Dawnfurt
1ddd95f2-42cb-45a1-8adb-550c3b6f7d88,b28f8518-7ad6-4191-9dbf-893ad81bf502,Cameras,2024-05-03,11.36,34,Tablet,Firefox,https://lewis.com/,https://www.williams-smith.net/,Russian Federation,Port Johnny
6b19107b-d927-4cd6-9b31-d2de855b73ce,e5d5c5b3-493c-45f8-b8f0-711cce71a906,Cameras,2024-02-16,56.23,32,Mobile,Chrome,https://taylor-pena.com/,http://martin.com/,Chad,South Stevenfurt
a84d9db2-ef36-4d2c-8ddb-d3a7b7829b56,3814cd98-40a6-4f75-b7f3-3c0170f23c9e,Monitors,2024-01-28,9.32,44,Tablet,Safari,https://www.garcia.com/,https://anderson.com/,Taiwan,East Gabrielle
c4d2e71c-fe8c-4999-909d-6e628eb0a60d,e5c65d6e-30e9-4ba9-a155-e5864713a746,Smartphones,2024-02-22,29.74,27,Desktop,Firefox,https://smith-adams.com/,https://www.guerrero.com/,Ecuador,Simpsonshire
44d18de1-6688-4702-b4b6-e8d734b0cee4,df19e8db-5c5a-4c04-a1f6-bb1df24b31c5,Printers,2024-03-03,71.79,22,Desktop,Firefox,http://brown.com/,http://chandler.com/,Western Sahara,South Kennethton
7830f1e9-c792-4353-9ddf-16ee1384dea7,b77bbc46-2113-4c85-bcb9-29f365e7eeff,Cameras,2024-06-09,116.71,27,Tablet,Chrome,https://garrett.info/,https://figueroa.info/,Mozambique,Sandraberg
72272728-5fc9-4ad9-a38c-aefdccc1b895,e46ca635-92e6-4f59-87ae-f00bdc307889,Printers,2024-01-22,100.31,41,Mobile,Opera,http://www.sanchez-herman.org/,https://burke.com/,Rwanda,Port Ginamouth
acdc9c54-b1f7-4dce-8ae7-c2659895ee0d,7ec03ae9-37ef-4c66-893b-08a71419ca80,Speakers,2024-01-06,66.85,17,Mobile,Safari,http://thomas.info/,http://jennings.biz/,Montserrat,Suarezfort
42849a26-402f-4034-aec6-baf8d405cecd,e46ca635-92e6-4f59-87ae-f00bdc307889,Cameras,2024-03-30,104.49,32,Desktop,Firefox,https://www.camacho.com/,https://www.riley.com/,Montenegro,Nelsonfurt
2a48379b-3d3e-4029-8ad4-bff4e1358a57,8d7553c1-49f3-4b6e-adbc-6514815bc3cc,Laptops,2024-04-02,91.77,29,Mobile,Opera,https://dorsey.com/,http://www.flowers.biz/,Papua New Guinea,Dunnborough
28b9d32c-a1b1-43c4-af16-e3e7e11b5bd8,e651d442-c19b-497f-acc1-bbf91d8ba14c,Printers,2024-06-22,81.58,46,Desktop,Firefox,http://www.lynn.com/,https://nichols.com/,British Indian Ocean Territory (Chagos Archipelago),New Barryhaven
4efb165b-177e-48d3-a64a-875d25860a4f,2277321b-e6d2-4d1c-8798-d0cc04d06a70,Monitors,2024-05-08,82.68,28,Tablet,Edge,https://www.brown-perez.org/,https://williams-barry.com/,Ireland,Lake Warrenbury
603ff69a-9421-4b75-9e4a-1d1ea27bb683,0bef3cf2-f73f-4a35-aefc-cb5f1dd73892,Smartwatches,2024-04-24,33.37,4,Tablet,Safari,https://www.berry.org/,http://reed.com/,Latvia,West Kimberlyburgh
b2a60cf0-2018-4bc3-8f0e-c12675df1b5a,6e76e898-37a2-4f8b-8761-aeb614be5a25,Speakers,2024-04-18,34.88,15,Mobile,Chrome,https://stewart.info/,https://johnson.net/,Korea,New Coreyton
c3d15ec4-1d0d-4c12-a084-a9e8a3c803fc,374edc6f-7867-4b08-9c0b-fa4eb9f68465,Keyboards,2024-02-10,45.05,47,Desktop,Opera,http://www.russell-schroeder.com/,http://www.barnett.biz/,Colombia,Penamouth
c72eb7cd-907b-4195-b069-ab2e285cd55b,3814cd98-40a6-4f75-b7f3-3c0170f23c9e,Headphones,2024-02-17,112.51,12,Tablet,Firefox,http://www.giles.com/,https://www.miller.com/,Cook Islands,Rebeccabury
487e606d-5e8c-4cc1-a495-3539e54714d2,8cb4503a-813c-4fbf-8fcc-503fe6419d6c,Cameras,2024-04-11,9.87,11,Desktop,Opera,https://gonzalez.com/,http://brewer-perez.com/,Swaziland,Lake Josephview
e2a9ddfd-695b-4613-abf5-54402e027fda,a58e8390-a6f1-4e78-805b-778dba268a1a,Monitors,2024-02-23,26.9,14,Tablet,Chrome,http://adkins.biz/,https://www.thomas.com/,Tokelau,Jenkinsmouth
6d4c61a6-c79c-4e6f-9f36-0091413cfdf0,de865969-7237-4928-b3c9-cab980bd9841,Tablets,2024-03-26,100.55,4,Mobile,Chrome,http://www.allen.com/,https://garrett.com/,Pitcairn Islands,West Sharon
1dcabcc9-25ae-456e-b77a-0e8f666652b1,332240c2-3a1d-4666-95c4-1914a6933ccb,Smartwatches,2024-02-02,48.62,36,Tablet,Chrome,https://griffin-esparza.org/,http://www.blair.net/,Afghanistan,West Christopherhaven
b17136e0-d81f-44f1-ab5a-9c057b1f3cd4,d193d1f7-cbab-4180-a082-16908a6ddff6,Tablets,2024-03-14,71.17,10,Tablet,Firefox,http://hansen.com/,http://wilson-carpenter.info/,France,Perryfurt
fb2d2e77-534c-4939-9d51-e974156a8a2a,a2e96dfd-af73-47d9-b83c-ce817d6a5fc1,Printers,2024-02-21,33.53,25,Tablet,Chrome,https://russell.com/,https://www.myers.com/,Oman,North Wendy
3fecb76d-fab2-40b4-a426-01eae82c8754,eb2a1d70-04a9-4e56-b531-b4c3a50d97cf,Cameras,2024-02-05,35.31,1,Mobile,Safari,https://morris.net/,http://www.stewart-kelly.com/,Solomon Islands,East Ashley
024553cb-e3a7-4ffe-a67d-f96e9463144e,b28f8518-7ad6-4191-9dbf-893ad81bf502,Tablets,2024-02-25,115.28,23,Mobile,Opera,https://www.simpson-cain.com/,http://www.park.com/,Wallis and Futuna,Vanessamouth
2a1962ec-e646-4fe1-9356-517bf89fbed1,cc562101-7869-485a-ba28-ea91238e2917,Cameras,2024-01-24,89.78,4,Desktop,Firefox,https://www.williams.net/,http://scott.com/,Micronesia,Port Brandon
725d5d41-d902-477c-8dd7-79d1b1810700,3df2edfb-0793-4906-ae63-9358b5bce0c5,Headphones,2024-02-23,40.59,42,Mobile,Firefox,https://robinson-garcia.com/,http://rice-austin.info/,Western Sahara,East Vanessaborough
023f65ef-2575-4b1e-9b8f-be999ecd2b08,7b9ce4f8-7708-40e7-a0ca-e715001a9455,Keyboards,2024-05-01,53.77,15,Tablet,Firefox,http://kramer.com/,http://acosta-martinez.com/,Taiwan,Hutchinsonshire
ac89b4b7-0131-4b80-86ac-01dc7bfabfb1,e46ca635-92e6-4f59-87ae-f00bdc307889,Monitors,2024-01-09,11.42,20,Tablet,Safari,https://www.vasquez-jimenez.info/,https://www.townsend.org/,Western Sahara,Davisbury
a6265496-0a8e-49bf-91df-3051e12279df,83ed0b01-10ce-4759-85f1-284f47e93879,Headphones,2024-06-02,104.2,15,Mobile,Chrome,https://www.williams.com/,http://riley.com/,Cocos (Keeling) Islands,East Tinamouth
ede51c14-bf8c-4ba9-8355-ecb296c0c914,6c34ae07-6752-4f61-854e-ea79a8340201,Tablets,2024-01-21,48.25,39,Tablet,Safari,https://bruce-garcia.com/,https://robles.com/,San Marino,East Williamland
e68e2d7a-85bb-4a2f-b432-95fa0a229940,e05bdbbe-62f3-45c5-b2a7-691ceaf2dd3d,Keyboards,2024-02-21,110.13,14,Desktop,Chrome,https://lopez.com/,http://www.lewis.com/,Finland,Hudsonmouth
